league_key,league_name,club_id,club_name,season,gross_transfer_spend_eur,transfer_income_eur,net_transfer_spend_eur,incoming_transfer_count,outgoing_transfer_count,source_name,source_endpoint,collected_at_utc,confidence_level,notes,estimated_player_wages_eur,official_staff_costs_eur,revenue_eur,points,league_position,raw_player_cost_eur,cost_per_point,wage_to_revenue_ratio
premier_league,Premier League,arsenal,Arsenal,1990/91,5100000.0,3950000.0,1150000.0,16.0,13.0,transfermarkt_club_page,https://www.transfermarkt.com/arsenal/transfers/verein/11/saison_id/1990,2026-04-27T17:53:55.514094+00:00,high,,,,,,,,,
premier_league,Premier League,arsenal,Arsenal,1991/92,5330000.0,1800000.0,3530000.0,15.0,14.0,transfermarkt_club_page,https://www.transfermarkt.com/arsenal/transfers/verein/11/saison_id/1991,2026-04-27T17:53:57.826664+00:00,high,Displayed arrivals sum (5330000) differs from parsed arrivals fee sum (5327000). Displayed departures sum (1800000) differs from parsed departures fee sum (1795000).,,,,,,,,
premier_league,Premier League,arsenal,Arsenal,1992/93,4600000.0,3850000.0,750000.0,5.0,4.0,transfermarkt_club_page,https://www.transfermarkt.com/arsenal/transfers/verein/11/saison_id/1992,2026-04-27T17:53:59.772204+00:00,high,,,,,,,,,
premier_league,Premier League,arsenal,Arsenal,1993/94,1280000.0,2350000.0,-1070000.0,11.0,14.0,transfermarkt_club_page,https://www.transfermarkt.com/arsenal/transfers/verein/11/saison_id/1993,2026-04-27T17:54:02.026995+00:00,high,,,,,,,,,
premier_league,Premier League,arsenal,Arsenal,1994/95,11270000.0,750000.0,10520000.0,13.0,8.0,transfermarkt_club_page,https://www.transfermarkt.com/arsenal/transfers/verein/11/saison_id/1994,2026-04-27T17:54:04.059362+00:00,high,,,,,,,,,
premier_league,Premier League,arsenal,Arsenal,1995/96,18750000.0,6400000.0,12350000.0,10.0,10.0,transfermarkt_club_page,https://www.transfermarkt.com/arsenal/transfers/verein/11/saison_id/1995,2026-04-27T17:54:05.917449+00:00,high,,,,,,,,,
premier_league,Premier League,arsenal,Arsenal,1996/97,6110000.0,7780000.0,-1670000.0,11.0,17.0,transfermarkt_club_page,https://www.transfermarkt.com/arsenal/transfers/verein/11/saison_id/1996,2026-04-27T17:54:07.638233+00:00,high,,,,,,,,,
premier_league,Premier League,arsenal,Arsenal,1997/98,21670000.0,8830000.0,12840000.0,20.0,16.0,transfermarkt_club_page,https://www.transfermarkt.com/arsenal/transfers/verein/11/saison_id/1997,2026-04-27T17:54:09.521692+00:00,high,Displayed arrivals sum (21670000) differs from parsed arrivals fee sum (21665000).,,,,,,,,
premier_league,Premier League,arsenal,Arsenal,1998/99,15950000.0,6250000.0,9700000.0,13.0,13.0,transfermarkt_club_page,https://www.transfermarkt.com/arsenal/transfers/verein/11/saison_id/1998,2026-04-27T17:54:11.643519+00:00,high,,,,,,,,,
premier_league,Premier League,arsenal,Arsenal,1999/00,25400000.0,42500000.0,-17100000.0,17.0,20.0,transfermarkt_club_page,https://www.transfermarkt.com/arsenal/transfers/verein/11/saison_id/1999,2026-04-27T17:54:13.588387+00:00,high,,,,,,,,,
premier_league,Premier League,arsenal,Arsenal,2000/01,56300000.0,46030000.0,10270000.0,23.0,19.0,transfermarkt_club_page,https://www.transfermarkt.com/arsenal/transfers/verein/11/saison_id/2000,2026-04-27T17:54:15.739486+00:00,high,Displayed departures sum (46030000) differs from parsed departures fee sum (46025000).,,,,,,,,
premier_league,Premier League,arsenal,Arsenal,2001/02,32689999.999999996,12000000.0,20689999.999999996,21.0,15.0,transfermarkt_club_page,https://www.transfermarkt.com/arsenal/transfers/verein/11/saison_id/2001,2026-04-27T17:54:17.784048+00:00,high,Displayed arrivals sum (32690000) differs from parsed arrivals fee sum (32685000).,,,,,,,,
premier_league,Premier League,arsenal,Arsenal,2002/03,12830000.0,8430000.0,4400000.0,13.0,18.0,transfermarkt_club_page,https://www.transfermarkt.com/arsenal/transfers/verein/11/saison_id/2002,2026-04-27T17:54:20.039809+00:00,high,,,,,,,,,
premier_league,Premier League,arsenal,Arsenal,2003/04,27420000.0,1050000.0,26370000.0,20.0,22.0,transfermarkt_club_page,https://www.transfermarkt.com/arsenal/transfers/verein/11/saison_id/2003,2026-04-27T17:54:21.971549+00:00,high,Displayed arrivals sum (27420000) differs from parsed arrivals fee sum (27425000).,,,,,,,,
premier_league,Premier League,arsenal,Arsenal,2004/05,12480000.0,3900000.0,8580000.0,21.0,19.0,transfermarkt_club_page,https://www.transfermarkt.com/arsenal/transfers/verein/11/saison_id/2004,2026-04-27T17:54:23.928175+00:00,high,,,,,,,,,
premier_league,Premier League,arsenal,Arsenal,2005/06,46000000.0,25000000.0,21000000.0,16.0,19.0,transfermarkt_club_page,https://www.transfermarkt.com/arsenal/transfers/verein/11/saison_id/2005,2026-04-27T17:54:26.062098+00:00,high,,,,,,,,,
premier_league,Premier League,arsenal,Arsenal,2006/07,15000000.0,12630000.0,2370000.0,14.0,16.0,transfermarkt_club_page,https://www.transfermarkt.com/arsenal/transfers/verein/11/saison_id/2006,2026-04-27T17:54:28.097993+00:00,high,Displayed departures sum (12630000) differs from parsed departures fee sum (12625000).,,,,,,,,
premier_league,Premier League,arsenal,Arsenal,2007/08,30950000.0,56730000.0,-25780000.0,17.0,18.0,transfermarkt_club_page,https://www.transfermarkt.com/arsenal/transfers/verein/11/saison_id/2007,2026-04-27T17:54:30.074046+00:00,high,Displayed departures sum (56730000) differs from parsed departures fee sum (56725000).,,,,,,,,
premier_league,Premier League,arsenal,Arsenal,2008/09,40150000.0,25800000.0,14350000.0,15.0,11.0,transfermarkt_club_page,https://www.transfermarkt.com/arsenal/transfers/verein/11/saison_id/2008,2026-04-27T17:54:32.020261+00:00,high,,,,,,,,,
premier_league,Premier League,arsenal,Arsenal,2009/10,12000000.0,47700000.0,-35700000.0,13.0,13.0,transfermarkt_club_page,https://www.transfermarkt.com/arsenal/transfers/verein/11/saison_id/2009,2026-04-27T17:54:33.875125+00:00,high,,,,,,,,,
premier_league,Premier League,arsenal,Arsenal,2010/11,23000000.0,8100000.0,14900000.0,18.0,22.0,transfermarkt_club_page,https://www.transfermarkt.com/arsenal/transfers/verein/11/saison_id/2010,2026-04-27T17:54:35.795052+00:00,high,,,,,,,,,
premier_league,Premier League,arsenal,Arsenal,2011/12,65480000.00000001,78290000.0,-12809999.999999993,33.0,26.0,transfermarkt_club_page,https://www.transfermarkt.com/arsenal/transfers/verein/11/saison_id/2011,2026-04-27T17:54:37.855045+00:00,high,,,,,,,,,
premier_league,Premier League,arsenal,Arsenal,2012/13,56000000.0,65849999.99999999,-9849999.999999993,16.0,18.0,transfermarkt_club_page,https://www.transfermarkt.com/arsenal/transfers/verein/11/saison_id/2012,2026-04-27T17:54:40.577146+00:00,high,,,,,,,,,
premier_league,Premier League,arsenal,Arsenal,2013/14,49250000.0,12150000.0,37100000.0,21.0,22.0,transfermarkt_club_page,https://www.transfermarkt.com/arsenal/transfers/verein/11/saison_id/2013,2026-04-27T17:54:42.470925+00:00,high,,,,,,,,,
premier_league,Premier League,arsenal,Arsenal,2014/15,118980000.0,27800000.0,91180000.0,18.0,22.0,transfermarkt_club_page,https://www.transfermarkt.com/arsenal/transfers/verein/11/saison_id/2014,2026-04-27T17:54:44.821724+00:00,high,,,,,,,,,
premier_league,Premier League,arsenal,Arsenal,2015/16,26500000.0,2500000.0,24000000.0,15.0,12.0,transfermarkt_club_page,https://www.transfermarkt.com/arsenal/transfers/verein/11/saison_id/2015,2026-04-27T17:54:46.871751+00:00,high,,,,,,,,,
premier_league,Premier League,arsenal,Arsenal,2016/17,113000000.0,10350000.0,102650000.0,11.0,12.0,transfermarkt_club_page,https://www.transfermarkt.com/arsenal/transfers/verein/11/saison_id/2016,2026-04-27T17:54:48.812899+00:00,high,,,,,,,,,
premier_league,Premier League,arsenal,Arsenal,2017/18,152850000.0,162400000.0,-9550000.0,10.0,16.0,transfermarkt_club_page,https://www.transfermarkt.com/arsenal/transfers/verein/11/saison_id/2017,2026-04-27T17:54:50.652681+00:00,high,,,,,,,,,
premier_league,Premier League,arsenal,Arsenal,2018/19,80150000.0,9100000.0,71050000.0,17.0,12.0,transfermarkt_club_page,https://www.transfermarkt.com/arsenal/transfers/verein/11/saison_id/2018,2026-04-27T17:54:52.892721+00:00,high,,,,,,,,,
premier_league,Premier League,arsenal,Arsenal,2019/20,160800000.0,53650000.0,107150000.0,16.0,19.0,transfermarkt_club_page,https://www.transfermarkt.com/arsenal/transfers/verein/11/saison_id/2019,2026-04-27T17:54:54.686962+00:00,high,,,,,,,,,
premier_league,Premier League,arsenal,Arsenal,2021/22,167400000.0,31400000.0,136000000.0,13.0,20.0,transfermarkt_club_page,https://www.transfermarkt.com/arsenal/transfers/verein/11/saison_id/2021,2026-04-27T17:43:02.678532+00:00,high,,,,,,,,,
premier_league,Premier League,arsenal,Arsenal,2022/23,186400000.0,23800000.0,162600000.0,25.0,18.0,transfermarkt_club_page,https://www.transfermarkt.com/arsenal/transfers/verein/11/saison_id/2022,2026-04-27T17:54:59.604480+00:00,high,,,,,,,,,
premier_league,Premier League,arsenal,Arsenal,2023/24,235100000.0,69200000.0,165900000.0,15.0,16.0,transfermarkt_club_page,https://www.transfermarkt.com/arsenal/transfers/verein/11/saison_id/2023,2026-04-27T17:55:01.811174+00:00,high,,,,,,,,,
premier_league,Premier League,arsenal,Arsenal,2024/25,107600000.0,83790000.0,23810000.0,10.0,13.0,transfermarkt_club_page,https://www.transfermarkt.com/arsenal/transfers/verein/11/saison_id/2024,2026-04-27T17:55:03.764476+00:00,high,,,,,,,,,
premier_league,Premier League,arsenal,Arsenal,2025/26,294600000.0,13880000.0,280720000.0,17.0,16.0,transfermarkt_club_page,https://www.transfermarkt.com/arsenal/transfers/verein/11/saison_id/2025,2026-04-27T17:55:05.606859+00:00,high,,,,,,,,,
premier_league,Premier League,chelsea,Chelsea,1990/91,4320000.0,510000.0,3810000.0,7.0,6.0,transfermarkt_club_page,https://www.transfermarkt.com/chelsea/transfers/verein/631/saison_id/1990,2026-04-27T18:17:18.895334+00:00,high,,,,,,,,,
premier_league,Premier League,chelsea,Chelsea,1991/92,4240000.0,5240000.0,-1000000.0,13.0,15.0,transfermarkt_club_page,https://www.transfermarkt.com/chelsea/transfers/verein/631/saison_id/1991,2026-04-27T18:17:20.842197+00:00,high,Displayed arrivals sum (4240000) differs from parsed arrivals fee sum (4245000). Displayed departures sum (5240000) differs from parsed departures fee sum (5243000).,,,,,,,,
premier_league,Premier League,chelsea,Chelsea,1992/93,3020000.0,5790000.0,-2770000.0,20.0,15.0,transfermarkt_club_page,https://www.transfermarkt.com/chelsea/transfers/verein/631/saison_id/1992,2026-04-27T18:17:23.603253+00:00,high,Displayed arrivals sum (3020000) differs from parsed arrivals fee sum (3015000).,,,,,,,,
premier_league,Premier League,chelsea,Chelsea,1993/94,4230000.0,5690000.0,-1460000.0,11.0,12.0,transfermarkt_club_page,https://www.transfermarkt.com/chelsea/transfers/verein/631/saison_id/1993,2026-04-27T18:17:25.935145+00:00,high,Displayed arrivals sum (4230000) differs from parsed arrivals fee sum (4226000). Displayed departures sum (5690000) differs from parsed departures fee sum (5693000).,,,,,,,,
premier_league,Premier League,chelsea,Chelsea,1994/95,6550000.0,1750000.0,4800000.0,12.0,11.0,transfermarkt_club_page,https://www.transfermarkt.com/chelsea/transfers/verein/631/saison_id/1994,2026-04-27T18:17:27.961928+00:00,high,,,,,,,,,
premier_league,Premier League,chelsea,Chelsea,1995/96,6500000.0,2990000.0,3510000.0,16.0,13.0,transfermarkt_club_page,https://www.transfermarkt.com/chelsea/transfers/verein/631/saison_id/1995,2026-04-27T18:17:30.088705+00:00,high,,,,,,,,,
premier_league,Premier League,chelsea,Chelsea,1996/97,18920000.0,4590000.0,14330000.0,16.0,18.0,transfermarkt_club_page,https://www.transfermarkt.com/chelsea/transfers/verein/631/saison_id/1996,2026-04-27T18:17:32.512062+00:00,high,Displayed arrivals sum (18920000) differs from parsed arrivals fee sum (18915000).,,,,,,,,
premier_league,Premier League,chelsea,Chelsea,1997/98,9650000.0,350000.0,9300000.0,12.0,11.0,transfermarkt_club_page,https://www.transfermarkt.com/chelsea/transfers/verein/631/saison_id/1997,2026-04-27T18:17:34.828325+00:00,high,,,,,,,,,
premier_league,Premier League,chelsea,Chelsea,1998/99,19300000.0,8050000.000000001,11250000.0,15.0,15.0,transfermarkt_club_page,https://www.transfermarkt.com/chelsea/transfers/verein/631/saison_id/1998,2026-04-27T18:17:37.122030+00:00,high,,,,,,,,,
premier_league,Premier League,chelsea,Chelsea,1999/00,26360000.0,7730000.0,18630000.0,21.0,18.0,transfermarkt_club_page,https://www.transfermarkt.com/chelsea/transfers/verein/631/saison_id/1999,2026-04-27T18:17:39.534443+00:00,high,Displayed departures sum (7730000) differs from parsed departures fee sum (7725000).,,,,,,,,
premier_league,Premier League,chelsea,Chelsea,2000/01,52390000.0,37870000.0,14520000.0,24.0,21.0,transfermarkt_club_page,https://www.transfermarkt.com/chelsea/transfers/verein/631/saison_id/2000,2026-04-27T18:17:41.726534+00:00,high,Displayed departures sum (37870000) differs from parsed departures fee sum (37874000).,,,,,,,,
premier_league,Premier League,chelsea,Chelsea,2001/02,49700000.0,14320000.0,35380000.0,11.0,15.0,transfermarkt_club_page,https://www.transfermarkt.com/chelsea/transfers/verein/631/saison_id/2001,2026-04-27T18:17:44.521485+00:00,high,,,,,,,,,
premier_league,Premier League,chelsea,Chelsea,2002/03,0.0,2100000.0,-2100000.0,12.0,10.0,transfermarkt_club_page,https://www.transfermarkt.com/chelsea/transfers/verein/631/saison_id/2002,2026-04-27T18:17:47.283113+00:00,high,,,,,,,,,
premier_league,Premier League,chelsea,Chelsea,2003/04,173700000.0,1530000.0,172170000.0,22.0,23.0,transfermarkt_club_page,https://www.transfermarkt.com/chelsea/transfers/verein/631/saison_id/2003,2026-04-27T18:17:49.342349+00:00,high,Displayed departures sum (1530000) differs from parsed departures fee sum (1525000).,,,,,,,,
premier_league,Premier League,chelsea,Chelsea,2004/05,162400000.0,3300000.0,159100000.0,21.0,25.0,transfermarkt_club_page,https://www.transfermarkt.com/chelsea/transfers/verein/631/saison_id/2004,2026-04-27T18:17:51.601735+00:00,high,,,,,,,,,
premier_league,Premier League,chelsea,Chelsea,2005/06,91500000.0,34600000.0,56900000.0,15.0,18.0,transfermarkt_club_page,https://www.transfermarkt.com/chelsea/transfers/verein/631/saison_id/2005,2026-04-27T18:17:54.001993+00:00,high,,,,,,,,,
premier_league,Premier League,chelsea,Chelsea,2006/07,88980000.0,52600000.0,36380000.0,18.0,17.0,transfermarkt_club_page,https://www.transfermarkt.com/chelsea/transfers/verein/631/saison_id/2006,2026-04-27T18:17:56.178463+00:00,high,,,,,,,,,
premier_league,Premier League,chelsea,Chelsea,2007/08,59000000.0,43650000.0,15350000.0,20.0,16.0,transfermarkt_club_page,https://www.transfermarkt.com/chelsea/transfers/verein/631/saison_id/2007,2026-04-27T18:17:58.374484+00:00,high,,,,,,,,,
premier_league,Premier League,chelsea,Chelsea,2008/09,30500000.0,44550000.0,-14050000.0,16.0,17.0,transfermarkt_club_page,https://www.transfermarkt.com/chelsea/transfers/verein/631/saison_id/2008,2026-04-27T18:18:00.671676+00:00,high,,,,,,,,,
premier_league,Premier League,chelsea,Chelsea,2009/10,30000000.0,3800000.0,26200000.0,15.0,12.0,transfermarkt_club_page,https://www.transfermarkt.com/chelsea/transfers/verein/631/saison_id/2009,2026-04-27T18:18:02.922559+00:00,high,,,,,,,,,
premier_league,Premier League,chelsea,Chelsea,2010/11,121500000.0,16500000.0,105000000.0,19.0,21.0,transfermarkt_club_page,https://www.transfermarkt.com/chelsea/transfers/verein/631/saison_id/2010,2026-04-27T18:18:05.074778+00:00,high,,,,,,,,,
premier_league,Premier League,chelsea,Chelsea,2011/12,96450000.0,31560000.0,64890000.0,22.0,22.0,transfermarkt_club_page,https://www.transfermarkt.com/chelsea/transfers/verein/631/saison_id/2011,2026-04-27T18:18:06.936070+00:00,high,,,,,,,,,
premier_league,Premier League,chelsea,Chelsea,2012/13,109700000.0,25450000.0,84250000.0,29.0,28.0,transfermarkt_club_page,https://www.transfermarkt.com/chelsea/transfers/verein/631/saison_id/2012,2026-04-27T18:18:09.270635+00:00,high,,,,,,,,,
premier_league,Premier League,chelsea,Chelsea,2013/14,130350000.0,77930000.0,52420000.0,38.0,36.0,transfermarkt_club_page,https://www.transfermarkt.com/chelsea/transfers/verein/631/saison_id/2013,2026-04-27T18:18:11.833484+00:00,high,,,,,,,,,
premier_league,Premier League,chelsea,Chelsea,2014/15,137700000.0,142810000.0,-5110000.0,42.0,48.0,transfermarkt_club_page,https://www.transfermarkt.com/chelsea/transfers/verein/631/saison_id/2014,2026-04-27T18:18:13.859558+00:00,high,,,,,,,,,
premier_league,Premier League,chelsea,Chelsea,2015/16,96500000.0,87490000.0,9010000.0,39.0,37.0,transfermarkt_club_page,https://www.transfermarkt.com/chelsea/transfers/verein/631/saison_id/2015,2026-04-27T18:18:17.447827+00:00,high,,,,,,,,,
premier_league,Premier League,chelsea,Chelsea,2016/17,132800000.0,108900000.0,23900000.000000015,27.0,30.0,transfermarkt_club_page,https://www.transfermarkt.com/chelsea/transfers/verein/631/saison_id/2016,2026-04-27T18:18:19.528918+00:00,high,,,,,,,,,
premier_league,Premier League,chelsea,Chelsea,2017/18,260500000.0,194600000.0,65900000.0,40.0,31.0,transfermarkt_club_page,https://www.transfermarkt.com/chelsea/transfers/verein/631/saison_id/2017,2026-04-27T18:18:22.073027+00:00,high,,,,,,,,,
premier_league,Premier League,chelsea,Chelsea,2018/19,208800000.0,83250000.0,125550000.0,30.0,31.0,transfermarkt_club_page,https://www.transfermarkt.com/chelsea/transfers/verein/631/saison_id/2018,2026-04-27T18:18:25.379400+00:00,high,,,,,,,,,
premier_league,Premier League,chelsea,Chelsea,2019/20,45000000.0,165070000.0,-120070000.0,22.0,29.0,transfermarkt_club_page,https://www.transfermarkt.com/chelsea/transfers/verein/631/saison_id/2019,2026-04-27T18:18:28.184493+00:00,high,Displayed departures sum (165070000) differs from parsed departures fee sum (165066000).,,,,,,,,
premier_league,Premier League,chelsea,Chelsea,2020/21,267200000.0,57150000.0,210050000.0,31.0,26.0,transfermarkt_club_page,https://www.transfermarkt.com/chelsea/transfers/verein/631/saison_id/2020,2026-04-27T18:18:30.409780+00:00,high,,,,,,,,,
premier_league,Premier League,chelsea,Chelsea,2021/22,118000000.0,157590000.0,-39590000.0,21.0,23.0,transfermarkt_club_page,https://www.transfermarkt.com/chelsea/transfers/verein/631/saison_id/2021,2026-04-27T18:18:32.847451+00:00,high,,,,,,,,,
premier_league,Premier League,chelsea,Chelsea,2022/23,630250000.0,67860000.0,562390000.0,28.0,25.0,transfermarkt_club_page,https://www.transfermarkt.com/chelsea/transfers/verein/631/saison_id/2022,2026-04-27T18:18:35.550510+00:00,high,,,,,,,,,
premier_league,Premier League,chelsea,Chelsea,2023/24,448100000.0,282200000.0,165900000.0,29.0,32.0,transfermarkt_club_page,https://www.transfermarkt.com/chelsea/transfers/verein/631/saison_id/2023,2026-04-27T18:18:37.541482+00:00,high,,,,,,,,,
premier_league,Premier League,chelsea,Chelsea,2024/25,281900000.0,237100000.0,44800000.0,32.0,31.0,transfermarkt_club_page,https://www.transfermarkt.com/chelsea/transfers/verein/631/saison_id/2024,2026-04-27T18:18:39.646933+00:00,high,,,,,,,,,
premier_league,Premier League,chelsea,Chelsea,2025/26,339150000.0,334250000.0,4900000.0,31.0,31.0,transfermarkt_club_page,https://www.transfermarkt.com/chelsea/transfers/verein/631/saison_id/2025,2026-04-27T18:18:42.250550+00:00,high,,,,,,,,,
premier_league,Premier League,liverpool,Liverpool,1990/91,4139999.999999999,320000.0,3819999.999999999,13.0,10.0,transfermarkt_club_page,https://www.transfermarkt.com/liverpool/transfers/verein/31/saison_id/1990,2026-04-27T18:18:44.706681+00:00,high,,,,,,,,,
premier_league,Premier League,liverpool,Liverpool,1991/92,10500000.0,7920000.0,2580000.0,10.0,9.0,transfermarkt_club_page,https://www.transfermarkt.com/liverpool/transfers/verein/31/saison_id/1991,2026-04-27T18:18:46.650067+00:00,high,Displayed departures sum (7920000) differs from parsed departures fee sum (7925000).,,,,,,,,
premier_league,Premier League,liverpool,Liverpool,1992/93,4150000.000000001,5200000.0,-1049999.9999999995,6.0,7.0,transfermarkt_club_page,https://www.transfermarkt.com/liverpool/transfers/verein/31/saison_id/1992,2026-04-27T18:18:48.594616+00:00,high,Displayed departures sum (5200000) differs from parsed departures fee sum (5195000).,,,,,,,,
premier_league,Premier League,liverpool,Liverpool,1993/94,8000000.0,928000.0,7072000.0,10.0,12.0,transfermarkt_club_page,https://www.transfermarkt.com/liverpool/transfers/verein/31/saison_id/1993,2026-04-27T18:18:50.414196+00:00,high,,,,,,,,,
premier_league,Premier League,liverpool,Liverpool,1994/95,12060000.0,3750000.0,8310000.0,12.0,14.0,transfermarkt_club_page,https://www.transfermarkt.com/liverpool/transfers/verein/31/saison_id/1994,2026-04-27T18:18:52.340574+00:00,high,,,,,,,,,
premier_league,Premier League,liverpool,Liverpool,1995/96,19250000.0,1700000.0,17550000.0,10.0,9.0,transfermarkt_club_page,https://www.transfermarkt.com/liverpool/transfers/verein/31/saison_id/1995,2026-04-27T18:18:54.221777+00:00,high,,,,,,,,,
premier_league,Premier League,liverpool,Liverpool,1996/97,8750000.0,3000000.0,5750000.0,9.0,8.0,transfermarkt_club_page,https://www.transfermarkt.com/liverpool/transfers/verein/31/saison_id/1996,2026-04-27T18:18:56.235093+00:00,high,,,,,,,,,
premier_league,Premier League,liverpool,Liverpool,1997/98,16050000.0,13020000.0,3030000.0,12.0,11.0,transfermarkt_club_page,https://www.transfermarkt.com/liverpool/transfers/verein/31/saison_id/1997,2026-04-27T18:18:58.014366+00:00,high,,,,,,,,,
premier_league,Premier League,liverpool,Liverpool,1998/99,10740000.0,9430000.0,1310000.0,11.0,10.0,transfermarkt_club_page,https://www.transfermarkt.com/liverpool/transfers/verein/31/saison_id/1998,2026-04-27T18:18:59.962342+00:00,high,,,,,,,,,
premier_league,Premier League,liverpool,Liverpool,1999/00,54500000.0,9180000.0,45320000.0,17.0,17.0,transfermarkt_club_page,https://www.transfermarkt.com/liverpool/transfers/verein/31/saison_id/1999,2026-04-27T18:19:02.935062+00:00,high,Displayed departures sum (9180000) differs from parsed departures fee sum (9175000).,,,,,,,,
premier_league,Premier League,liverpool,Liverpool,2000/01,34000000.0,19610000.0,14390000.0,19.0,17.0,transfermarkt_club_page,https://www.transfermarkt.com/liverpool/transfers/verein/31/saison_id/2000,2026-04-27T18:19:05.680449+00:00,high,Displayed departures sum (19610000) differs from parsed departures fee sum (19614000).,,,,,,,,
premier_league,Premier League,liverpool,Liverpool,2001/02,31560000.0,28650000.0,2910000.0,10.0,11.0,transfermarkt_club_page,https://www.transfermarkt.com/liverpool/transfers/verein/31/saison_id/2001,2026-04-27T18:19:07.645512+00:00,high,,,,,,,,,
premier_league,Premier League,liverpool,Liverpool,2002/03,31900000.0,11800000.0,20100000.0,18.0,16.0,transfermarkt_club_page,https://www.transfermarkt.com/liverpool/transfers/verein/31/saison_id/2002,2026-04-27T18:19:09.485896+00:00,high,,,,,,,,,
premier_league,Premier League,liverpool,Liverpool,2003/04,15250000.0,0.0,15250000.0,19.0,13.0,transfermarkt_club_page,https://www.transfermarkt.com/liverpool/transfers/verein/31/saison_id/2003,2026-04-27T18:19:12.160624+00:00,high,,,,,,,,,
premier_league,Premier League,liverpool,Liverpool,2004/05,58400000.0,24570000.0,33830000.0,22.0,22.0,transfermarkt_club_page,https://www.transfermarkt.com/liverpool/transfers/verein/31/saison_id/2004,2026-04-27T18:19:14.284357+00:00,high,,,,,,,,,
premier_league,Premier League,liverpool,Liverpool,2005/06,44060000.0,19040000.0,25020000.0,25.0,26.0,transfermarkt_club_page,https://www.transfermarkt.com/liverpool/transfers/verein/31/saison_id/2005,2026-04-27T18:19:16.452026+00:00,high,,,,,,,,,
premier_league,Premier League,liverpool,Liverpool,2006/07,46000000.0,24730000.0,21270000.0,26.0,27.0,transfermarkt_club_page,https://www.transfermarkt.com/liverpool/transfers/verein/31/saison_id/2006,2026-04-27T18:19:18.560820+00:00,high,,,,,,,,,
premier_league,Premier League,liverpool,Liverpool,2007/08,90700000.0,46750000.0,43950000.0,24.0,24.0,transfermarkt_club_page,https://www.transfermarkt.com/liverpool/transfers/verein/31/saison_id/2007,2026-04-27T18:19:22.492156+00:00,high,Displayed departures sum (46750000) differs from parsed departures fee sum (46754000).,,,,,,,,
premier_league,Premier League,liverpool,Liverpool,2008/09,73450000.0,46450000.0,27000000.0,27.0,27.0,transfermarkt_club_page,https://www.transfermarkt.com/liverpool/transfers/verein/31/saison_id/2008,2026-04-27T18:19:24.537688+00:00,high,,,,,,,,,
premier_league,Premier League,liverpool,Liverpool,2009/10,43500000.0,48550000.0,-5050000.0,21.0,25.0,transfermarkt_club_page,https://www.transfermarkt.com/liverpool/transfers/verein/31/saison_id/2009,2026-04-27T18:19:26.471643+00:00,high,,,,,,,,,
premier_league,Premier League,liverpool,Liverpool,2010/11,97730000.0,103000000.0,-5270000.0,21.0,24.0,transfermarkt_club_page,https://www.transfermarkt.com/liverpool/transfers/verein/31/saison_id/2010,2026-04-27T18:19:28.770798+00:00,high,,,,,,,,,
premier_league,Premier League,liverpool,Liverpool,2011/12,69330000.0,22000000.0,47330000.0,21.0,18.0,transfermarkt_club_page,https://www.transfermarkt.com/liverpool/transfers/verein/31/saison_id/2011,2026-04-27T18:19:30.994490+00:00,high,Displayed arrivals sum (69330000) differs from parsed arrivals fee sum (69325000).,,,,,,,,
premier_league,Premier League,liverpool,Liverpool,2012/13,70600000.0,10450000.0,60150000.0,19.0,18.0,transfermarkt_club_page,https://www.transfermarkt.com/liverpool/transfers/verein/31/saison_id/2012,2026-04-27T18:19:33.637615+00:00,high,,,,,,,,,
premier_league,Premier League,liverpool,Liverpool,2013/14,58100000.0,32500000.0,25600000.0,18.0,23.0,transfermarkt_club_page,https://www.transfermarkt.com/liverpool/transfers/verein/31/saison_id/2013,2026-04-27T18:19:35.688334+00:00,high,,,,,,,,,
premier_league,Premier League,liverpool,Liverpool,2014/15,151430000.0,99270000.0,52160000.0,25.0,21.0,transfermarkt_club_page,https://www.transfermarkt.com/liverpool/transfers/verein/31/saison_id/2014,2026-04-27T18:19:37.650062+00:00,high,,,,,,,,,
premier_league,Premier League,liverpool,Liverpool,2015/16,126500000.0,90550000.0,35950000.0,24.0,24.0,transfermarkt_club_page,https://www.transfermarkt.com/liverpool/transfers/verein/31/saison_id/2015,2026-04-27T18:19:39.692000+00:00,high,,,,,,,,,
premier_league,Premier League,liverpool,Liverpool,2016/17,79900000.0,88980000.0,-9080000.0,21.0,19.0,transfermarkt_club_page,https://www.transfermarkt.com/liverpool/transfers/verein/31/saison_id/2016,2026-04-27T18:19:41.743919+00:00,high,,,,,,,,,
premier_league,Premier League,liverpool,Liverpool,2017/18,173650000.0,184500000.0,-10850000.0,13.0,15.0,transfermarkt_club_page,https://www.transfermarkt.com/liverpool/transfers/verein/31/saison_id/2017,2026-04-27T18:19:44.195208+00:00,high,,,,,,,,,
premier_league,Premier League,liverpool,Liverpool,2018/19,192200000.0,41320000.0,150880000.0,18.0,21.0,transfermarkt_club_page,https://www.transfermarkt.com/liverpool/transfers/verein/31/saison_id/2018,2026-04-27T18:19:46.559756+00:00,high,,,,,,,,,
premier_league,Premier League,liverpool,Liverpool,2019/20,10400000.0,48000000.0,-37600000.0,15.0,16.0,transfermarkt_club_page,https://www.transfermarkt.com/liverpool/transfers/verein/31/saison_id/2019,2026-04-27T18:19:48.607520+00:00,high,,,,,,,,,
premier_league,Premier League,liverpool,Liverpool,2020/21,84800000.0,17200000.0,67600000.0,17.0,13.0,transfermarkt_club_page,https://www.transfermarkt.com/liverpool/transfers/verein/31/saison_id/2020,2026-04-27T18:19:50.521475+00:00,high,,,,,,,,,
premier_league,Premier League,liverpool,Liverpool,2021/22,89000000.0,31650000.0,57350000.0,14.0,12.0,transfermarkt_club_page,https://www.transfermarkt.com/liverpool/transfers/verein/31/saison_id/2021,2026-04-27T18:19:52.501882+00:00,high,,,,,,,,,
premier_league,Premier League,liverpool,Liverpool,2022/23,140900000.0,80100000.0,60800000.0,10.0,13.0,transfermarkt_club_page,https://www.transfermarkt.com/liverpool/transfers/verein/31/saison_id/2022,2026-04-27T18:19:54.441641+00:00,high,,,,,,,,,
premier_league,Premier League,liverpool,Liverpool,2023/24,172000000.0,60700000.0,111300000.0,12.0,16.0,transfermarkt_club_page,https://www.transfermarkt.com/liverpool/transfers/verein/31/saison_id/2023,2026-04-27T18:19:56.390620+00:00,high,,,,,,,,,
premier_league,Premier League,liverpool,Liverpool,2024/25,42000000.0,47000000.0,-5000000.0,11.0,13.0,transfermarkt_club_page,https://www.transfermarkt.com/liverpool/transfers/verein/31/saison_id/2024,2026-04-27T18:19:58.427820+00:00,high,,,,,,,,,
premier_league,Premier League,liverpool,Liverpool,2025/26,481350000.0,219500000.0,261850000.0,16.0,12.0,transfermarkt_club_page,https://www.transfermarkt.com/liverpool/transfers/verein/31/saison_id/2025,2026-04-27T18:20:01.685210+00:00,high,,,,,,,,,
premier_league,Premier League,manchester_city,Manchester City,1990/91,2050000.0,1330000.0,719999.9999999998,14.0,11.0,transfermarkt_club_page,https://www.transfermarkt.com/manchester-city/transfers/verein/281/saison_id/1990,2026-04-27T18:14:31.553773+00:00,high,Displayed arrivals sum (2050000) differs from parsed arrivals fee sum (2045000). Displayed departures sum (1330000) differs from parsed departures fee sum (1325000).,,,,,,,,
premier_league,Premier League,manchester_city,Manchester City,1991/92,2350000.0,1860000.0,490000.0,9.0,12.0,transfermarkt_club_page,https://www.transfermarkt.com/manchester-city/transfers/verein/281/saison_id/1991,2026-04-27T18:14:34.124065+00:00,high,Displayed arrivals sum (2350000) differs from parsed arrivals fee sum (2355000). Displayed departures sum (1860000) differs from parsed departures fee sum (1862000).,,,,,,,,
premier_league,Premier League,manchester_city,Manchester City,1992/93,0.0,1850000.0,-1850000.0,12.0,10.0,transfermarkt_club_page,https://www.transfermarkt.com/manchester-city/transfers/verein/281/saison_id/1992,2026-04-27T18:14:36.066443+00:00,high,Displayed departures sum (1850000) differs from parsed departures fee sum (1847000).,,,,,,,,
premier_league,Premier League,manchester_city,Manchester City,1993/94,9890000.0,3680000.0,6210000.0,15.0,9.0,transfermarkt_club_page,https://www.transfermarkt.com/manchester-city/transfers/verein/281/saison_id/1993,2026-04-27T18:14:38.115845+00:00,high,Displayed arrivals sum (9890000) differs from parsed arrivals fee sum (9891000). Displayed departures sum (3680000) differs from parsed departures fee sum (3675000).,,,,,,,,
premier_league,Premier League,manchester_city,Manchester City,1994/95,2540000.0,3280000.0,-740000.0,13.0,11.0,transfermarkt_club_page,https://www.transfermarkt.com/manchester-city/transfers/verein/281/saison_id/1994,2026-04-27T18:14:39.957793+00:00,high,Displayed arrivals sum (2540000) differs from parsed arrivals fee sum (2536000).,,,,,,,,
premier_league,Premier League,manchester_city,Manchester City,1995/96,12180000.0,8750000.0,3430000.0,19.0,23.0,transfermarkt_club_page,https://www.transfermarkt.com/manchester-city/transfers/verein/281/saison_id/1995,2026-04-27T18:14:41.900825+00:00,high,Displayed arrivals sum (12180000) differs from parsed arrivals fee sum (12183000).,,,,,,,,
premier_league,Premier League,manchester_city,Manchester City,1996/97,4880000.0,3830000.0,1050000.0,18.0,16.0,transfermarkt_club_page,https://www.transfermarkt.com/manchester-city/transfers/verein/281/saison_id/1996,2026-04-27T18:14:43.952847+00:00,high,Displayed arrivals sum (4880000) differs from parsed arrivals fee sum (4875000). Displayed departures sum (3830000) differs from parsed departures fee sum (3825000).,,,,,,,,
premier_league,Premier League,manchester_city,Manchester City,1997/98,10060000.0,1900000.0,8160000.0,37.0,28.0,transfermarkt_club_page,https://www.transfermarkt.com/manchester-city/transfers/verein/281/saison_id/1997,2026-04-27T18:14:46.308353+00:00,high,Displayed arrivals sum (10060000) differs from parsed arrivals fee sum (10074000).,,,,,,,,
premier_league,Premier League,manchester_city,Manchester City,1998/99,1120000.0,11350000.0,-10230000.0,18.0,31.0,transfermarkt_club_page,https://www.transfermarkt.com/manchester-city/transfers/verein/281/saison_id/1998,2026-04-27T18:14:49.991053+00:00,high,,,,,,,,,
premier_league,Premier League,manchester_city,Manchester City,1999/00,13230000.0,1040000.0,12190000.0,30.0,25.0,transfermarkt_club_page,https://www.transfermarkt.com/manchester-city/transfers/verein/281/saison_id/1999,2026-04-27T18:14:52.144572+00:00,high,Displayed departures sum (1040000) differs from parsed departures fee sum (1038000).,,,,,,,,
premier_league,Premier League,manchester_city,Manchester City,2000/01,16530000.000000002,1460000.0,15070000.000000002,25.0,29.0,transfermarkt_club_page,https://www.transfermarkt.com/manchester-city/transfers/verein/281/saison_id/2000,2026-04-27T18:14:54.192873+00:00,high,Displayed arrivals sum (16530000) differs from parsed arrivals fee sum (16525000). Displayed departures sum (1460000) differs from parsed departures fee sum (1464000).,,,,,,,,
premier_league,Premier League,manchester_city,Manchester City,2001/02,42460000.0,6290000.0,36170000.0,20.0,14.0,transfermarkt_club_page,https://www.transfermarkt.com/manchester-city/transfers/verein/281/saison_id/2001,2026-04-27T18:14:56.240872+00:00,high,Displayed departures sum (6290000) differs from parsed departures fee sum (6288000).,,,,,,,,
premier_league,Premier League,manchester_city,Manchester City,2002/03,22500000.0,300000.0,22200000.0,13.0,16.0,transfermarkt_club_page,https://www.transfermarkt.com/manchester-city/transfers/verein/281/saison_id/2002,2026-04-27T18:14:58.286779+00:00,high,,,,,,,,,
premier_league,Premier League,manchester_city,Manchester City,2003/04,14260000.0,6900000.0,7360000.0,21.0,23.0,transfermarkt_club_page,https://www.transfermarkt.com/manchester-city/transfers/verein/281/saison_id/2003,2026-04-27T18:15:00.335169+00:00,high,Displayed departures sum (6900000) differs from parsed departures fee sum (6903000).,,,,,,,,
premier_league,Premier League,manchester_city,Manchester City,2004/05,1500000.0,7940000.0,-6440000.0,18.0,18.0,transfermarkt_club_page,https://www.transfermarkt.com/manchester-city/transfers/verein/281/saison_id/2004,2026-04-27T18:15:03.505347+00:00,high,,,,,,,,,
premier_league,Premier League,manchester_city,Manchester City,2005/06,12480000.0,32500000.0,-20020000.0,12.0,13.0,transfermarkt_club_page,https://www.transfermarkt.com/manchester-city/transfers/verein/281/saison_id/2005,2026-04-27T18:15:05.455903+00:00,high,Displayed arrivals sum (12480000) differs from parsed arrivals fee sum (12475000).,,,,,,,,
premier_league,Premier League,manchester_city,Manchester City,2006/07,6500000.0,4200000.0,2300000.0,21.0,22.0,transfermarkt_club_page,https://www.transfermarkt.com/manchester-city/transfers/verein/281/saison_id/2006,2026-04-27T18:15:07.567752+00:00,high,,,,,,,,,
premier_league,Premier League,manchester_city,Manchester City,2007/08,77950000.0,10560000.0,67390000.0,31.0,26.0,transfermarkt_club_page,https://www.transfermarkt.com/manchester-city/transfers/verein/281/saison_id/2007,2026-04-27T18:15:09.860577+00:00,high,Displayed departures sum (10560000) differs from parsed departures fee sum (10563000).,,,,,,,,
premier_league,Premier League,manchester_city,Manchester City,2008/09,157350000.0,26500000.0,130850000.0,25.0,18.0,transfermarkt_club_page,https://www.transfermarkt.com/manchester-city/transfers/verein/281/saison_id/2008,2026-04-27T18:15:12.620575+00:00,high,,,,,,,,,
premier_league,Premier League,manchester_city,Manchester City,2009/10,147300000.0,29200000.0,118100000.0,23.0,29.0,transfermarkt_club_page,https://www.transfermarkt.com/manchester-city/transfers/verein/281/saison_id/2009,2026-04-27T18:15:14.671212+00:00,high,,,,,,,,,
premier_league,Premier League,manchester_city,Manchester City,2010/11,183610000.0,40150000.0,143460000.0,34.0,27.0,transfermarkt_club_page,https://www.transfermarkt.com/manchester-city/transfers/verein/281/saison_id/2010,2026-04-27T18:15:16.822645+00:00,high,,,,,,,,,
premier_league,Premier League,manchester_city,Manchester City,2011/12,91050000.0,31200000.0,59850000.0,29.0,35.0,transfermarkt_club_page,https://www.transfermarkt.com/manchester-city/transfers/verein/281/saison_id/2011,2026-04-27T18:15:19.584734+00:00,high,,,,,,,,,
premier_league,Premier League,manchester_city,Manchester City,2012/13,61950000.0,44300000.0,17650000.0,24.0,26.0,transfermarkt_club_page,https://www.transfermarkt.com/manchester-city/transfers/verein/281/saison_id/2012,2026-04-27T18:15:24.042768+00:00,high,,,,,,,,,
premier_league,Premier League,manchester_city,Manchester City,2013/14,115500000.0,11300000.0,104200000.0,16.0,18.0,transfermarkt_club_page,https://www.transfermarkt.com/manchester-city/transfers/verein/281/saison_id/2013,2026-04-27T18:15:27.064397+00:00,high,,,,,,,,,
premier_league,Premier League,manchester_city,Manchester City,2014/15,102800000.0,30300000.0,72500000.0,14.0,16.0,transfermarkt_club_page,https://www.transfermarkt.com/manchester-city/transfers/verein/281/saison_id/2014,2026-04-27T18:15:28.957411+00:00,high,,,,,,,,,
premier_league,Premier League,manchester_city,Manchester City,2015/16,208470000.0,67440000.0,141030000.0,22.0,25.0,transfermarkt_club_page,https://www.transfermarkt.com/manchester-city/transfers/verein/281/saison_id/2015,2026-04-27T18:15:31.774906+00:00,high,Displayed departures sum (67440000) differs from parsed departures fee sum (67436000).,,,,,,,,
premier_league,Premier League,manchester_city,Manchester City,2016/17,216250000.0,35350000.0,180900000.0,31.0,25.0,transfermarkt_club_page,https://www.transfermarkt.com/manchester-city/transfers/verein/281/saison_id/2016,2026-04-27T18:15:35.358523+00:00,high,,,,,,,,,
premier_league,Premier League,manchester_city,Manchester City,2017/18,317500000.0,91350000.0,226150000.0,31.0,32.0,transfermarkt_club_page,https://www.transfermarkt.com/manchester-city/transfers/verein/281/saison_id/2017,2026-04-27T18:15:37.402257+00:00,high,,,,,,,,,
premier_league,Premier League,manchester_city,Manchester City,2018/19,78590000.0,57600000.0,20990000.0,19.0,22.0,transfermarkt_club_page,https://www.transfermarkt.com/manchester-city/transfers/verein/281/saison_id/2018,2026-04-27T18:15:39.557402+00:00,high,,,,,,,,,
premier_league,Premier League,manchester_city,Manchester City,2019/20,169820000.0,71000000.0,98820000.0,25.0,26.0,transfermarkt_club_page,https://www.transfermarkt.com/manchester-city/transfers/verein/281/saison_id/2019,2026-04-27T18:15:41.562015+00:00,high,,,,,,,,,
premier_league,Premier League,manchester_city,Manchester City,2020/21,173400000.0,64000000.0,109400000.0,27.0,27.0,transfermarkt_club_page,https://www.transfermarkt.com/manchester-city/transfers/verein/281/saison_id/2020,2026-04-27T18:15:43.857384+00:00,high,,,,,,,,,
premier_league,Premier League,manchester_city,Manchester City,2021/22,138900000.0,93800000.0,45100000.0,22.0,24.0,transfermarkt_club_page,https://www.transfermarkt.com/manchester-city/transfers/verein/281/saison_id/2021,2026-04-27T18:15:45.906664+00:00,high,,,,,,,,,
premier_league,Premier League,manchester_city,Manchester City,2022/23,155000000.0,162170000.0,-7170000.0,29.0,24.0,transfermarkt_club_page,https://www.transfermarkt.com/manchester-city/transfers/verein/281/saison_id/2022,2026-04-27T18:15:47.522796+00:00,high,,,,,,,,,
premier_league,Premier League,manchester_city,Manchester City,2023/24,259600000.00000003,138800000.0,120800000.00000004,19.0,21.0,transfermarkt_club_page,https://www.transfermarkt.com/manchester-city/transfers/verein/281/saison_id/2023,2026-04-27T18:15:49.589337+00:00,high,,,,,,,,,
premier_league,Premier League,manchester_city,Manchester City,2024/25,243000000.0,141700000.0,101300000.0,15.0,13.0,transfermarkt_club_page,https://www.transfermarkt.com/manchester-city/transfers/verein/281/saison_id/2024,2026-04-27T18:15:51.494627+00:00,high,,,,,,,,,
premier_league,Premier League,manchester_city,Manchester City,2025/26,301800000.0,102280000.0,199520000.0,21.0,20.0,transfermarkt_club_page,https://www.transfermarkt.com/manchester-city/transfers/verein/281/saison_id/2025,2026-04-27T18:15:56.761956+00:00,high,,,,,,,,,
premier_league,Premier League,manchester_united,Manchester United,1990/91,1180000.0,236000.0,944000.0,17.0,11.0,transfermarkt_club_page,https://www.transfermarkt.com/manchester-united/transfers/verein/985/saison_id/1990,2026-04-27T18:16:00.240526+00:00,high,,,,,,,,,
premier_league,Premier League,manchester_united,Manchester United,1991/92,3180000.0,58000.0,3122000.0,9.0,15.0,transfermarkt_club_page,https://www.transfermarkt.com/manchester-united/transfers/verein/985/saison_id/1991,2026-04-27T18:16:02.285837+00:00,high,,,,,,,,,
premier_league,Premier League,manchester_united,Manchester United,1992/93,3530000.0,2220000.0,1310000.0,18.0,11.0,transfermarkt_club_page,https://www.transfermarkt.com/manchester-united/transfers/verein/985/saison_id/1992,2026-04-27T18:16:04.646135+00:00,high,Displayed arrivals sum (3530000) differs from parsed arrivals fee sum (3525000). Displayed departures sum (2220000) differs from parsed departures fee sum (2219000).,,,,,,,,
premier_league,Premier League,manchester_united,Manchester United,1993/94,4400000.0,968000.0,3432000.0,7.0,10.0,transfermarkt_club_page,https://www.transfermarkt.com/manchester-united/transfers/verein/985/saison_id/1993,2026-04-27T18:16:06.794752+00:00,high,,,,,,,,,
premier_league,Premier League,manchester_united,Manchester United,1994/95,11820000.0,5080000.0,6740000.0,12.0,12.0,transfermarkt_club_page,https://www.transfermarkt.com/manchester-united/transfers/verein/985/saison_id/1994,2026-04-27T18:16:08.643219+00:00,high,Displayed departures sum (5080000) differs from parsed departures fee sum (5082000).,,,,,,,,
premier_league,Premier League,manchester_united,Manchester United,1995/96,575000.0,20730000.0,-20155000.0,14.0,15.0,transfermarkt_club_page,https://www.transfermarkt.com/manchester-united/transfers/verein/985/saison_id/1995,2026-04-27T18:16:10.483841+00:00,high,Displayed departures sum (20730000) differs from parsed departures fee sum (20733000).,,,,,,,,
premier_league,Premier League,manchester_united,Manchester United,1996/97,16530000.000000002,7430000.0,9100000.000000002,17.0,14.0,transfermarkt_club_page,https://www.transfermarkt.com/manchester-united/transfers/verein/985/saison_id/1996,2026-04-27T18:16:13.550490+00:00,high,Displayed departures sum (7430000) differs from parsed departures fee sum (7425000).,,,,,,,,
premier_league,Premier League,manchester_united,Manchester United,1997/98,8250000.0,4830000.0,3420000.0,21.0,19.0,transfermarkt_club_page,https://www.transfermarkt.com/manchester-united/transfers/verein/985/saison_id/1997,2026-04-27T18:16:15.601795+00:00,high,Displayed departures sum (4830000) differs from parsed departures fee sum (4833000).,,,,,,,,
premier_league,Premier League,manchester_united,Manchester United,1998/99,44750000.0,4500000.0,40250000.0,13.0,19.0,transfermarkt_club_page,https://www.transfermarkt.com/manchester-united/transfers/verein/985/saison_id/1998,2026-04-27T18:16:17.855495+00:00,high,,,,,,,,,
premier_league,Premier League,manchester_united,Manchester United,1999/00,13250000.0,350000.0,12900000.0,21.0,13.0,transfermarkt_club_page,https://www.transfermarkt.com/manchester-united/transfers/verein/985/saison_id/1999,2026-04-27T18:16:20.310506+00:00,high,,,,,,,,,
premier_league,Premier League,manchester_united,Manchester United,2000/01,11700000.0,13880000.0,-2180000.0,14.0,17.0,transfermarkt_club_page,https://www.transfermarkt.com/manchester-united/transfers/verein/985/saison_id/2000,2026-04-27T18:16:22.216902+00:00,high,,,,,,,,,
premier_league,Premier League,manchester_united,Manchester United,2001/02,85850000.0,43600000.0,42250000.0,22.0,17.0,transfermarkt_club_page,https://www.transfermarkt.com/manchester-united/transfers/verein/985/saison_id/2001,2026-04-27T18:16:24.409176+00:00,high,,,,,,,,,
premier_league,Premier League,manchester_united,Manchester United,2002/03,48530000.0,3500000.0,45030000.0,13.0,15.0,transfermarkt_club_page,https://www.transfermarkt.com/manchester-united/transfers/verein/985/saison_id/2002,2026-04-27T18:16:26.355031+00:00,high,Displayed arrivals sum (48530000) differs from parsed arrivals fee sum (48535000).,,,,,,,,
premier_league,Premier League,manchester_united,Manchester United,2003/04,56530000.0,59300000.0,-2770000.0,26.0,29.0,transfermarkt_club_page,https://www.transfermarkt.com/manchester-united/transfers/verein/985/saison_id/2003,2026-04-27T18:16:28.607155+00:00,high,Displayed arrivals sum (56530000) differs from parsed arrivals fee sum (56525000).,,,,,,,,
premier_league,Premier League,manchester_united,Manchester United,2004/05,61250000.0,9670000.0,51580000.0,20.0,21.0,transfermarkt_club_page,https://www.transfermarkt.com/manchester-united/transfers/verein/985/saison_id/2004,2026-04-27T18:16:30.547588+00:00,high,Displayed departures sum (9670000) differs from parsed departures fee sum (9665000).,,,,,,,,
premier_league,Premier League,manchester_united,Manchester United,2005/06,31800000.0,7900000.0,23900000.0,24.0,27.0,transfermarkt_club_page,https://www.transfermarkt.com/manchester-united/transfers/verein/985/saison_id/2005,2026-04-27T18:16:32.765226+00:00,high,,,,,,,,,
premier_league,Premier League,manchester_united,Manchester United,2006/07,27200000.0,18000000.0,9200000.0,23.0,26.0,transfermarkt_club_page,https://www.transfermarkt.com/manchester-united/transfers/verein/985/saison_id/2006,2026-04-27T18:16:34.754907+00:00,high,,,,,,,,,
premier_league,Premier League,manchester_united,Manchester United,2007/08,106500000.0,46600000.0,59900000.0,25.0,22.0,transfermarkt_club_page,https://www.transfermarkt.com/manchester-united/transfers/verein/985/saison_id/2007,2026-04-27T18:16:37.826183+00:00,high,,,,,,,,,
premier_league,Premier League,manchester_united,Manchester United,2008/09,45250000.0,7450000.0,37800000.0,16.0,17.0,transfermarkt_club_page,https://www.transfermarkt.com/manchester-united/transfers/verein/985/saison_id/2008,2026-04-27T18:16:39.875631+00:00,high,,,,,,,,,
premier_league,Premier League,manchester_united,Manchester United,2009/10,27300000.0,104470000.0,-77170000.0,17.0,17.0,transfermarkt_club_page,https://www.transfermarkt.com/manchester-united/transfers/verein/985/saison_id/2009,2026-04-27T18:16:41.825750+00:00,high,Displayed departures sum (104470000) differs from parsed departures fee sum (104465000).,,,,,,,,
premier_league,Premier League,manchester_united,Manchester United,2010/11,29300000.0,16970000.0,12330000.0,16.0,18.0,transfermarkt_club_page,https://www.transfermarkt.com/manchester-united/transfers/verein/985/saison_id/2010,2026-04-27T18:16:44.688532+00:00,high,Displayed departures sum (16970000) differs from parsed departures fee sum (16965000).,,,,,,,,
premier_league,Premier League,manchester_united,Manchester United,2011/12,62300000.0,12900000.0,49400000.0,15.0,18.0,transfermarkt_club_page,https://www.transfermarkt.com/manchester-united/transfers/verein/985/saison_id/2011,2026-04-27T18:16:47.042068+00:00,high,Displayed departures sum (12900000) differs from parsed departures fee sum (12895000).,,,,,,,,
premier_league,Premier League,manchester_united,Manchester United,2012/13,76450000.0,9650000.0,66800000.0,18.0,15.0,transfermarkt_club_page,https://www.transfermarkt.com/manchester-united/transfers/verein/985/saison_id/2012,2026-04-27T18:16:49.377637+00:00,high,,,,,,,,,
premier_league,Premier League,manchester_united,Manchester United,2013/14,77130000.0,1800000.0,75330000.0,18.0,20.0,transfermarkt_club_page,https://www.transfermarkt.com/manchester-united/transfers/verein/985/saison_id/2013,2026-04-27T18:16:51.263689+00:00,high,,,,,,,,,
premier_league,Premier League,manchester_united,Manchester United,2014/15,195350000.0,46700000.0,148650000.0,25.0,26.0,transfermarkt_club_page,https://www.transfermarkt.com/manchester-united/transfers/verein/985/saison_id/2014,2026-04-27T18:16:53.253470+00:00,high,,,,,,,,,
premier_league,Premier League,manchester_united,Manchester United,2015/16,156000000.0,100670000.0,55330000.0,21.0,20.0,transfermarkt_club_page,https://www.transfermarkt.com/manchester-united/transfers/verein/985/saison_id/2015,2026-04-27T18:16:55.442568+00:00,high,,,,,,,,,
premier_league,Premier League,manchester_united,Manchester United,2016/17,185000000.0,47250000.0,137750000.0,8.0,13.0,transfermarkt_club_page,https://www.transfermarkt.com/manchester-united/transfers/verein/985/saison_id/2016,2026-04-27T18:16:58.747723+00:00,high,,,,,,,,,
premier_league,Premier League,manchester_united,Manchester United,2017/18,198400000.0,45500000.0,152900000.0,12.0,10.0,transfermarkt_club_page,https://www.transfermarkt.com/manchester-united/transfers/verein/985/saison_id/2017,2026-04-27T18:17:01.611922+00:00,high,,,,,,,,,
premier_league,Premier League,manchester_united,Manchester United,2018/19,82700000.0,30550000.0,52150000.0,10.0,10.0,transfermarkt_club_page,https://www.transfermarkt.com/manchester-united/transfers/verein/985/saison_id/2018,2026-04-27T18:17:03.588990+00:00,high,,,,,,,,,
premier_league,Premier League,manchester_united,Manchester United,2019/20,236800000.0,81180000.0,155620000.0,13.0,12.0,transfermarkt_club_page,https://www.transfermarkt.com/manchester-united/transfers/verein/985/saison_id/2019,2026-04-27T18:17:05.360376+00:00,high,,,,,,,,,
premier_league,Premier League,manchester_united,Manchester United,2020/21,89950000.0,19500000.0,70450000.0,17.0,17.0,transfermarkt_club_page,https://www.transfermarkt.com/manchester-united/transfers/verein/985/saison_id/2020,2026-04-27T18:17:07.235529+00:00,high,,,,,,,,,
premier_league,Premier League,manchester_united,Manchester United,2021/22,142000000.0,31100000.0,110900000.0,16.0,14.0,transfermarkt_club_page,https://www.transfermarkt.com/manchester-united/transfers/verein/985/saison_id/2021,2026-04-27T18:17:09.112535+00:00,high,,,,,,,,,
premier_league,Premier League,manchester_united,Manchester United,2022/23,243150000.0,23650000.0,219500000.0,24.0,19.0,transfermarkt_club_page,https://www.transfermarkt.com/manchester-united/transfers/verein/985/saison_id/2022,2026-04-27T18:17:11.250175+00:00,high,,,,,,,,,
premier_league,Premier League,manchester_united,Manchester United,2023/24,212700000.0,63770000.0,148930000.0,14.0,23.0,transfermarkt_club_page,https://www.transfermarkt.com/manchester-united/transfers/verein/985/saison_id/2023,2026-04-27T18:17:13.343980+00:00,high,,,,,,,,,
premier_league,Premier League,manchester_united,Manchester United,2024/25,246300000.0,117200000.0,129100000.0,15.0,17.0,transfermarkt_club_page,https://www.transfermarkt.com/manchester-united/transfers/verein/985/saison_id/2024,2026-04-27T18:17:15.172655+00:00,high,,,,,,,,,
premier_league,Premier League,manchester_united,Manchester United,2025/26,246700000.0,74200000.0,172500000.0,14.0,15.0,transfermarkt_club_page,https://www.transfermarkt.com/manchester-united/transfers/verein/985/saison_id/2025,2026-04-27T18:17:16.958540+00:00,high,,,,,,,,,
premier_league,Premier League,tottenham_hotspur,Tottenham Hotspur,1990/91,75000.0,1160000.0,-1085000.0,9.0,13.0,transfermarkt_club_page,https://www.transfermarkt.com/tottenham-hotspur/transfers/verein/148/saison_id/1990,2026-04-27T18:20:04.189032+00:00,high,Displayed departures sum (1160000) differs from parsed departures fee sum (1156000).,,,,,,,,
premier_league,Premier League,tottenham_hotspur,Tottenham Hotspur,1991/92,4540000.0,1470000.0,3070000.0,22.0,18.0,transfermarkt_club_page,https://www.transfermarkt.com/tottenham-hotspur/transfers/verein/148/saison_id/1991,2026-04-27T18:20:06.792740+00:00,high,Displayed arrivals sum (4540000) differs from parsed arrivals fee sum (4543000). Displayed departures sum (1470000) differs from parsed departures fee sum (1466000).,,,,,,,,
premier_league,Premier League,tottenham_hotspur,Tottenham Hotspur,1992/93,7690000.0,10600000.0,-2910000.0,20.0,15.0,transfermarkt_club_page,https://www.transfermarkt.com/tottenham-hotspur/transfers/verein/148/saison_id/1992,2026-04-27T18:20:08.731805+00:00,high,Displayed arrivals sum (7690000) differs from parsed arrivals fee sum (7695000).,,,,,,,,
premier_league,Premier League,tottenham_hotspur,Tottenham Hotspur,1993/94,6220000.0,6320000.0,-100000.0,14.0,16.0,transfermarkt_club_page,https://www.transfermarkt.com/tottenham-hotspur/transfers/verein/148/saison_id/1993,2026-04-27T18:20:11.537706+00:00,high,Displayed arrivals sum (6220000) differs from parsed arrivals fee sum (6218000). Displayed departures sum (6320000) differs from parsed departures fee sum (6315000).,,,,,,,,
premier_league,Premier League,tottenham_hotspur,Tottenham Hotspur,1994/95,9350000.0,4860000.0,4490000.0,17.0,22.0,transfermarkt_club_page,https://www.transfermarkt.com/tottenham-hotspur/transfers/verein/148/saison_id/1994,2026-04-27T18:20:13.964915+00:00,high,Displayed departures sum (4860000) differs from parsed departures fee sum (4855000).,,,,,,,,
premier_league,Premier League,tottenham_hotspur,Tottenham Hotspur,1995/96,13370000.0,14200000.0,-830000.0,17.0,17.0,transfermarkt_club_page,https://www.transfermarkt.com/tottenham-hotspur/transfers/verein/148/saison_id/1995,2026-04-27T18:20:15.902362+00:00,high,,,,,,,,,
premier_league,Premier League,tottenham_hotspur,Tottenham Hotspur,1996/97,13250000.0,7040000.0,6210000.0,17.0,17.0,transfermarkt_club_page,https://www.transfermarkt.com/tottenham-hotspur/transfers/verein/148/saison_id/1996,2026-04-27T18:20:17.753570+00:00,high,Displayed departures sum (7040000) differs from parsed departures fee sum (7037000).,,,,,,,,
premier_league,Premier League,tottenham_hotspur,Tottenham Hotspur,1997/98,17700000.0,480000.0,17220000.0,14.0,17.0,transfermarkt_club_page,https://www.transfermarkt.com/tottenham-hotspur/transfers/verein/148/saison_id/1997,2026-04-27T18:20:19.577514+00:00,high,,,,,,,,,
premier_league,Premier League,tottenham_hotspur,Tottenham Hotspur,1998/99,11580000.0,825000.0,10755000.0,16.0,13.0,transfermarkt_club_page,https://www.transfermarkt.com/tottenham-hotspur/transfers/verein/148/saison_id/1998,2026-04-27T18:20:21.634539+00:00,high,,,,,,,,,
premier_league,Premier League,tottenham_hotspur,Tottenham Hotspur,1999/00,17000000.0,2280000.0,14720000.0,15.0,17.0,transfermarkt_club_page,https://www.transfermarkt.com/tottenham-hotspur/transfers/verein/148/saison_id/1999,2026-04-27T18:20:23.623297+00:00,high,,,,,,,,,
premier_league,Premier League,tottenham_hotspur,Tottenham Hotspur,2000/01,25740000.0,2460000.0,23280000.0,8.0,12.0,transfermarkt_club_page,https://www.transfermarkt.com/tottenham-hotspur/transfers/verein/148/saison_id/2000,2026-04-27T18:20:25.592194+00:00,high,Displayed departures sum (2460000) differs from parsed departures fee sum (2455000).,,,,,,,,
premier_league,Premier League,tottenham_hotspur,Tottenham Hotspur,2001/02,28050000.0,9750000.0,18300000.0,10.0,9.0,transfermarkt_club_page,https://www.transfermarkt.com/tottenham-hotspur/transfers/verein/148/saison_id/2001,2026-04-27T18:20:27.472351+00:00,high,,,,,,,,,
premier_league,Premier League,tottenham_hotspur,Tottenham Hotspur,2002/03,10500000.0,1350000.0,9150000.0,23.0,21.0,transfermarkt_club_page,https://www.transfermarkt.com/tottenham-hotspur/transfers/verein/148/saison_id/2002,2026-04-27T18:20:29.328983+00:00,high,,,,,,,,,
premier_league,Premier League,tottenham_hotspur,Tottenham Hotspur,2003/04,29750000.0,1750000.0,28000000.0,19.0,23.0,transfermarkt_club_page,https://www.transfermarkt.com/tottenham-hotspur/transfers/verein/148/saison_id/2003,2026-04-27T18:20:31.832331+00:00,high,,,,,,,,,
premier_league,Premier League,tottenham_hotspur,Tottenham Hotspur,2004/05,48030000.0,10500000.0,37530000.0,37.0,34.0,transfermarkt_club_page,https://www.transfermarkt.com/tottenham-hotspur/transfers/verein/148/saison_id/2004,2026-04-27T18:20:34.285833+00:00,high,Displayed arrivals sum (48030000) differs from parsed arrivals fee sum (48025000).,,,,,,,,
premier_league,Premier League,tottenham_hotspur,Tottenham Hotspur,2005/06,35610000.0,25450000.0,10160000.0,24.0,25.0,transfermarkt_club_page,https://www.transfermarkt.com/tottenham-hotspur/transfers/verein/148/saison_id/2005,2026-04-27T18:20:36.629900+00:00,high,,,,,,,,,
premier_league,Premier League,tottenham_hotspur,Tottenham Hotspur,2006/07,61000000.0,38650000.0,22350000.0,19.0,22.0,transfermarkt_club_page,https://www.transfermarkt.com/tottenham-hotspur/transfers/verein/148/saison_id/2006,2026-04-27T18:20:40.535893+00:00,high,,,,,,,,,
premier_league,Premier League,tottenham_hotspur,Tottenham Hotspur,2007/08,94150000.0,22550000.0,71600000.0,26.0,21.0,transfermarkt_club_page,https://www.transfermarkt.com/tottenham-hotspur/transfers/verein/148/saison_id/2007,2026-04-27T18:20:42.678331+00:00,high,,,,,,,,,
premier_league,Premier League,tottenham_hotspur,Tottenham Hotspur,2008/09,143950000.0,88050000.0,55900000.0,34.0,35.0,transfermarkt_club_page,https://www.transfermarkt.com/tottenham-hotspur/transfers/verein/148/saison_id/2008,2026-04-27T18:20:45.238522+00:00,high,,,,,,,,,
premier_league,Premier League,tottenham_hotspur,Tottenham Hotspur,2009/10,40300000.0,31700000.0,8600000.0,32.0,31.0,transfermarkt_club_page,https://www.transfermarkt.com/tottenham-hotspur/transfers/verein/148/saison_id/2009,2026-04-27T18:20:47.668976+00:00,high,,,,,,,,,
premier_league,Premier League,tottenham_hotspur,Tottenham Hotspur,2010/11,26600000.0,2940000.0,23660000.0,39.0,34.0,transfermarkt_club_page,https://www.transfermarkt.com/tottenham-hotspur/transfers/verein/148/saison_id/2010,2026-04-27T18:20:49.640872+00:00,high,Displayed departures sum (2940000) differs from parsed departures fee sum (2935000).,,,,,,,,
premier_league,Premier League,tottenham_hotspur,Tottenham Hotspur,2011/12,9000000.0,43250000.0,-34250000.0,36.0,35.0,transfermarkt_club_page,https://www.transfermarkt.com/tottenham-hotspur/transfers/verein/148/saison_id/2011,2026-04-27T18:20:51.598348+00:00,high,,,,,,,,,
premier_league,Premier League,tottenham_hotspur,Tottenham Hotspur,2012/13,73250000.0,72780000.0,470000.0,29.0,34.0,transfermarkt_club_page,https://www.transfermarkt.com/tottenham-hotspur/transfers/verein/148/saison_id/2012,2026-04-27T18:20:54.018875+00:00,high,,,,,,,,,
premier_league,Premier League,tottenham_hotspur,Tottenham Hotspur,2013/14,122550000.0,136560000.0,-14010000.0,30.0,28.0,transfermarkt_club_page,https://www.transfermarkt.com/tottenham-hotspur/transfers/verein/148/saison_id/2013,2026-04-27T18:20:56.019798+00:00,high,Displayed departures sum (136560000) differs from parsed departures fee sum (136555000).,,,,,,,,
premier_league,Premier League,tottenham_hotspur,Tottenham Hotspur,2014/15,48480000.0,44150000.0,4330000.0,20.0,24.0,transfermarkt_club_page,https://www.transfermarkt.com/tottenham-hotspur/transfers/verein/148/saison_id/2014,2026-04-27T18:20:58.331968+00:00,high,,,,,,,,,
premier_league,Premier League,tottenham_hotspur,Tottenham Hotspur,2015/16,71000000.0,87250000.0,-16250000.0,11.0,21.0,transfermarkt_club_page,https://www.transfermarkt.com/tottenham-hotspur/transfers/verein/148/saison_id/2015,2026-04-27T18:21:01.727570+00:00,high,,,,,,,,,
premier_league,Premier League,tottenham_hotspur,Tottenham Hotspur,2016/17,83500000.0,52300000.0,31200000.0,8.0,8.0,transfermarkt_club_page,https://www.transfermarkt.com/tottenham-hotspur/transfers/verein/148/saison_id/2016,2026-04-27T18:21:04.383490+00:00,high,,,,,,,,,
premier_league,Premier League,tottenham_hotspur,Tottenham Hotspur,2017/18,121000000.0,103800000.0,17200000.0,15.0,12.0,transfermarkt_club_page,https://www.transfermarkt.com/tottenham-hotspur/transfers/verein/148/saison_id/2017,2026-04-27T18:21:06.200578+00:00,high,,,,,,,,,
premier_league,Premier League,tottenham_hotspur,Tottenham Hotspur,2018/19,0.0,5350000.0,-5350000.0,4.0,4.0,transfermarkt_club_page,https://www.transfermarkt.com/tottenham-hotspur/transfers/verein/148/saison_id/2018,2026-04-27T18:21:08.574441+00:00,high,,,,,,,,,
premier_league,Premier League,tottenham_hotspur,Tottenham Hotspur,2019/20,150500000.0,64500000.0,86000000.0,12.0,14.0,transfermarkt_club_page,https://www.transfermarkt.com/tottenham-hotspur/transfers/verein/148/saison_id/2019,2026-04-27T18:21:10.555085+00:00,high,,,,,,,,,
premier_league,Premier League,tottenham_hotspur,Tottenham Hotspur,2020/21,110500000.0,13300000.0,97200000.0,15.0,11.0,transfermarkt_club_page,https://www.transfermarkt.com/tottenham-hotspur/transfers/verein/148/saison_id/2020,2026-04-27T18:21:13.122536+00:00,high,,,,,,,,,
premier_league,Premier League,tottenham_hotspur,Tottenham Hotspur,2021/22,95900000.0,34620000.0,61280000.0,14.0,19.0,transfermarkt_club_page,https://www.transfermarkt.com/tottenham-hotspur/transfers/verein/148/saison_id/2021,2026-04-27T18:21:15.136398+00:00,high,,,,,,,,,
premier_league,Premier League,tottenham_hotspur,Tottenham Hotspur,2022/23,181700000.0,38750000.0,142950000.0,15.0,14.0,transfermarkt_club_page,https://www.transfermarkt.com/tottenham-hotspur/transfers/verein/148/saison_id/2022,2026-04-27T18:21:17.279250+00:00,high,,,,,,,,,
premier_league,Premier League,tottenham_hotspur,Tottenham Hotspur,2023/24,275100000.0,120700000.0,154400000.0,27.0,22.0,transfermarkt_club_page,https://www.transfermarkt.com/tottenham-hotspur/transfers/verein/148/saison_id/2023,2026-04-27T18:21:19.848799+00:00,high,,,,,,,,,
premier_league,Premier League,tottenham_hotspur,Tottenham Hotspur,2024/25,185350000.0,56300000.0,129050000.0,17.0,17.0,transfermarkt_club_page,https://www.transfermarkt.com/tottenham-hotspur/transfers/verein/148/saison_id/2024,2026-04-27T18:21:22.005080+00:00,high,,,,,,,,,
premier_league,Premier League,tottenham_hotspur,Tottenham Hotspur,2025/26,265600000.00000003,82700000.0,182900000.00000003,20.0,20.0,transfermarkt_club_page,https://www.transfermarkt.com/tottenham-hotspur/transfers/verein/148/saison_id/2025,2026-04-27T18:21:24.079089+00:00,high,,,,,,,,,
premier_league,Premier League,arsenal,Arsenal,2020/21,86000000.0,19150000.0,66850000.0,0.0,0.0,transfermarkt_manual_club_page,https://www.transfermarkt.com/fc-arsenal/transfers/verein/11/saison_id/2020,,high,Verified manually against the Transfermarkt Arsenal 2020/21 club transfers page.,,,,,,,,
