league_key,league_name,club_id,club_name,role_key,role_name,transfermarkt_manager_id,manager_id,manager_name,manager_date_of_birth,nationalities,start_date,end_date,time_in_post_text,time_in_post_days,matches,wins,draws,losses,ppg,source_name,source_endpoint,collected_at_utc,confidence_level,notes
premier_league,Premier League,arsenal,Arsenal,manager,Manager,34519,thomas_mitchell_12-01-1843,Thomas Mitchell,12/01/1843,Scotland,1897-06-30,1898-06-30,01 year 00 days,366,2.0,0,1,1,0.5,transfermarkt_manager_history_page,https://www.transfermarkt.com/arsenal/mitarbeiterhistorie/verein/11/personalie_id/1/plus/1,2026-04-27T18:42:52.621832+00:00,high,
premier_league,Premier League,arsenal,Arsenal,manager,Manager,23912,harry_bradshaw_15-06-1853,Harry Bradshaw,15/06/1853,England,1899-07-01,1904-03-30,04 years 08 months 28 days,1734,2.0,1,0,1,1.5,transfermarkt_manager_history_page,https://www.transfermarkt.com/arsenal/mitarbeiterhistorie/verein/11/personalie_id/1/plus/1,2026-04-27T18:42:52.621832+00:00,high,
premier_league,Premier League,arsenal,Arsenal,manager,Manager,23919,phil_kelso_26-05-1871,Phil Kelso,26/05/1871,Scotland,1904-07-01,1908-06-30,03 years 11 months 30 days,1461,13.0,5,2,6,1.31,transfermarkt_manager_history_page,https://www.transfermarkt.com/arsenal/mitarbeiterhistorie/verein/11/personalie_id/1/plus/1,2026-04-27T18:42:52.621832+00:00,high,
premier_league,Premier League,arsenal,Arsenal,manager,Manager,75654,george_morrell_unknown_dob,George Morrell,,Scotland,1908-02-01,1915-05-01,07 years 02 months 30 days,2647,30.0,8,8,14,1.07,transfermarkt_manager_history_page,https://www.transfermarkt.com/arsenal/mitarbeiterhistorie/verein/11/personalie_id/1/plus/1,2026-04-27T18:42:52.621832+00:00,high,
premier_league,Premier League,arsenal,Arsenal,manager,Manager,75655,leslie_knighton_15-03-1884,Leslie Knighton,15/03/1884,England,1919-05-01,1925-06-01,06 years 01 month 01 day,2224,32.0,9,8,15,1.09,transfermarkt_manager_history_page,https://www.transfermarkt.com/arsenal/mitarbeiterhistorie/verein/11/personalie_id/1/plus/1,2026-04-27T18:42:52.621832+00:00,high,
premier_league,Premier League,arsenal,Arsenal,manager,Manager,34395,herbert_chapman_19-01-1878,Herbert Chapman,19/01/1878,England,1925-06-11,1934-01-06,08 years 06 months 26 days,3132,366.0,178,89,99,1.7,transfermarkt_manager_history_page,https://www.transfermarkt.com/arsenal/mitarbeiterhistorie/verein/11/personalie_id/1/plus/1,2026-04-27T18:42:52.621832+00:00,high,
premier_league,Premier League,arsenal,Arsenal,manager,Manager,75653,george_allison_24-10-1883,George Allison,24/10/1883,England,1934-06-01,1947-06-01,13 years 00 days,4749,263.0,117,74,72,1.62,transfermarkt_manager_history_page,https://www.transfermarkt.com/arsenal/mitarbeiterhistorie/verein/11/personalie_id/1/plus/1,2026-04-27T18:42:52.621832+00:00,high,
premier_league,Premier League,arsenal,Arsenal,manager,Manager,34402,tom_whittaker_21-07-1898,Tom Whittaker,21/07/1898,England,1947-06-02,1956-10-24,09 years 04 months 22 days,3433,418.0,194,104,120,1.64,transfermarkt_manager_history_page,https://www.transfermarkt.com/arsenal/mitarbeiterhistorie/verein/11/personalie_id/1/plus/1,2026-04-27T18:42:52.621832+00:00,high,
premier_league,Premier League,arsenal,Arsenal,manager,Manager,75656,jack_crayston_09-10-1910,Jack Crayston,09/10/1910,England,1956-10-24,1958-05-01,01 year 06 months 07 days,555,75.0,32,16,27,1.49,transfermarkt_manager_history_page,https://www.transfermarkt.com/arsenal/mitarbeiterhistorie/verein/11/personalie_id/1/plus/1,2026-04-27T18:42:52.621832+00:00,high,
premier_league,Premier League,arsenal,Arsenal,manager,Manager,75657,george_swindin_04-12-1914,George Swindin,04/12/1914,England,1958-07-01,1962-04-30,03 years 09 months 30 days,1400,173.0,68,41,64,1.42,transfermarkt_manager_history_page,https://www.transfermarkt.com/arsenal/mitarbeiterhistorie/verein/11/personalie_id/1/plus/1,2026-04-27T18:42:52.621832+00:00,high,
premier_league,Premier League,arsenal,Arsenal,manager,Manager,60477,billy_wright_06-02-1924,Billy Wright,06/02/1924,England,1962-07-01,1966-06-30,03 years 11 months 30 days,1461,180.0,69,43,68,1.39,transfermarkt_manager_history_page,https://www.transfermarkt.com/arsenal/mitarbeiterhistorie/verein/11/personalie_id/1/plus/1,2026-04-27T18:42:52.621832+00:00,high,
premier_league,Premier League,arsenal,Arsenal,manager,Manager,28461,bertie_mee_25-12-1918,Bertie Mee,25/12/1918,England,1966-06-20,1976-05-04,09 years 10 months 14 days,3607,514.0,223,142,149,1.58,transfermarkt_manager_history_page,https://www.transfermarkt.com/arsenal/mitarbeiterhistorie/verein/11/personalie_id/1/plus/1,2026-04-27T18:42:52.621832+00:00,high,
premier_league,Premier League,arsenal,Arsenal,manager,Manager,26698,terry_neill_08-05-1942,Terry Neill,08/05/1942,Northern Ireland,1976-07-09,1983-12-16,07 years 05 months 07 days,2717,416.0,187,116,113,1.63,transfermarkt_manager_history_page,https://www.transfermarkt.com/arsenal/mitarbeiterhistorie/verein/11/personalie_id/1/plus/1,2026-04-27T18:42:52.621832+00:00,high,
premier_league,Premier League,arsenal,Arsenal,manager,Manager,6116,don_howe_12-10-1935,Don Howe,12/10/1935,England,1983-12-16,1986-03-22,02 years 03 months 06 days,828,117.0,54,32,31,1.66,transfermarkt_manager_history_page,https://www.transfermarkt.com/arsenal/mitarbeiterhistorie/verein/11/personalie_id/1/plus/1,2026-04-27T18:42:52.621832+00:00,high,
premier_league,Premier League,arsenal,Arsenal,manager,Manager,2636,george_graham_30-11-1944,George Graham,30/11/1944,Scotland,1986-05-14,1995-02-21,08 years 09 months 07 days,3206,460.0,226,131,103,1.76,transfermarkt_manager_history_page,https://www.transfermarkt.com/arsenal/mitarbeiterhistorie/verein/11/personalie_id/1/plus/1,2026-04-27T18:42:52.621832+00:00,high,
premier_league,Premier League,arsenal,Arsenal,manager,Manager,2635,bruce_rioch_06-09-1947,Bruce Rioch,06/09/1947,Scotland | England,1995-07-01,1996-06-30,11 months 30 days,366,47.0,22,15,10,1.72,transfermarkt_manager_history_page,https://www.transfermarkt.com/arsenal/mitarbeiterhistorie/verein/11/personalie_id/1/plus/1,2026-04-27T18:42:52.621832+00:00,high,
premier_league,Premier League,arsenal,Arsenal,manager,Manager,280,ars_ne_wenger_22-10-1949,Arsène Wenger,22/10/1949,France,1996-10-01,2018-06-30,21 years 08 months 30 days,7943,1231.0,713,267,251,1.95,transfermarkt_manager_history_page,https://www.transfermarkt.com/arsenal/mitarbeiterhistorie/verein/11/personalie_id/1/plus/1,2026-04-27T18:42:52.621832+00:00,high,
premier_league,Premier League,arsenal,Arsenal,manager,Manager,5075,unai_emery_03-11-1971,Unai Emery,03/11/1971,Spain,2018-07-01,2019-11-29,01 year 04 months 29 days,517,78.0,43,15,20,1.85,transfermarkt_manager_history_page,https://www.transfermarkt.com/arsenal/mitarbeiterhistorie/verein/11/personalie_id/1/plus/1,2026-04-27T18:42:52.621832+00:00,high,
premier_league,Premier League,arsenal,Arsenal,manager,Manager,47620,mikel_arteta_26-03-1982,Mikel Arteta,26/03/1982,Spain,2019-12-22,,06 years 04 months 05 days,2319,345.0,212,59,74,2.01,transfermarkt_manager_history_page,https://www.transfermarkt.com/arsenal/mitarbeiterhistorie/verein/11/personalie_id/1/plus/1,2026-04-27T18:42:52.621832+00:00,high,Manager spell appears ongoing on the collection date.
premier_league,Premier League,chelsea,Chelsea,manager,Manager,75649,john_tait_robertson_25-01-1877,John Tait Robertson,25/01/1877,Scotland,1905-07-01,1906-06-30,11 months 30 days,365,0.0,0,0,0,,transfermarkt_manager_history_page,https://www.transfermarkt.com/chelsea/mitarbeiterhistorie/verein/631/personalie_id/1/plus/1,2026-04-27T18:42:58.504177+00:00,high,
premier_league,Premier League,chelsea,Chelsea,manager,Manager,60153,david_calderhead_19-06-1864,David Calderhead,19/06/1864,Scotland,1907-07-01,1933-06-30,25 years 11 months 30 days,9497,237.0,97,48,92,1.43,transfermarkt_manager_history_page,https://www.transfermarkt.com/chelsea/mitarbeiterhistorie/verein/631/personalie_id/1/plus/1,2026-04-27T18:42:58.504177+00:00,high,
premier_league,Premier League,chelsea,Chelsea,manager,Manager,75655,leslie_knighton_15-03-1884,Leslie Knighton,15/03/1884,England,1933-05-08,1939-04-19,05 years 11 months 11 days,2173,252.0,85,63,104,1.26,transfermarkt_manager_history_page,https://www.transfermarkt.com/chelsea/mitarbeiterhistorie/verein/631/personalie_id/1/plus/1,2026-04-27T18:42:58.504177+00:00,high,
premier_league,Premier League,chelsea,Chelsea,manager,Manager,75648,billy_birrell_13-03-1897,Billy Birrell,13/03/1897,Scotland,1939-04-19,1952-05-31,13 years 01 month 12 days,4792,272.0,85,71,116,1.2,transfermarkt_manager_history_page,https://www.transfermarkt.com/chelsea/mitarbeiterhistorie/verein/631/personalie_id/1/plus/1,2026-04-27T18:42:58.504177+00:00,high,
premier_league,Premier League,chelsea,Chelsea,manager,Manager,75650,ted_drake_16-08-1912,Ted Drake,16/08/1912,England,1952-07-01,1961-09-30,09 years 02 months 30 days,3379,424.0,154,103,167,1.33,transfermarkt_manager_history_page,https://www.transfermarkt.com/chelsea/mitarbeiterhistorie/verein/631/personalie_id/1/plus/1,2026-04-27T18:42:58.504177+00:00,high,
premier_league,Premier League,chelsea,Chelsea,manager,Manager,23570,tommy_docherty_24-04-1928,Tommy Docherty,24/04/1928,Scotland,1962-06-01,1967-10-01,05 years 03 months 30 days,1949,262.0,128,56,78,1.68,transfermarkt_manager_history_page,https://www.transfermarkt.com/chelsea/mitarbeiterhistorie/verein/631/personalie_id/1/plus/1,2026-04-27T18:42:58.504177+00:00,high,
premier_league,Premier League,chelsea,Chelsea,manager,Manager,26719,dave_sexton_06-04-1930,Dave Sexton,06/04/1930,England,1967-10-01,1974-10-03,07 years 02 days,2560,361.0,156,106,99,1.59,transfermarkt_manager_history_page,https://www.transfermarkt.com/chelsea/mitarbeiterhistorie/verein/631/personalie_id/1/plus/1,2026-04-27T18:42:58.504177+00:00,high,
premier_league,Premier League,chelsea,Chelsea,manager,Manager,62819,ron_suart_18-11-1920,Ron Suart,18/11/1920,England,1974-10-03,1975-04-16,06 months 13 days,196,33.0,7,12,14,1.0,transfermarkt_manager_history_page,https://www.transfermarkt.com/chelsea/mitarbeiterhistorie/verein/631/personalie_id/1/plus/1,2026-04-27T18:42:58.504177+00:00,high,
premier_league,Premier League,chelsea,Chelsea,manager,Manager,92448,eddie_mccreadie_15-04-1940,Eddie McCreadie,15/04/1940,Scotland,1975-04-17,1977-07-01,02 years 02 months 14 days,807,55.0,18,19,18,1.33,transfermarkt_manager_history_page,https://www.transfermarkt.com/chelsea/mitarbeiterhistorie/verein/631/personalie_id/1/plus/1,2026-04-27T18:42:58.504177+00:00,high,
premier_league,Premier League,chelsea,Chelsea,manager,Manager,51251,ken_shellito_18-04-1940,Ken Shellito,18/04/1940,England,1977-07-07,1978-12-13,01 year 05 months 06 days,525,66.0,15,19,32,0.97,transfermarkt_manager_history_page,https://www.transfermarkt.com/chelsea/mitarbeiterhistorie/verein/631/personalie_id/1/plus/1,2026-04-27T18:42:58.504177+00:00,high,
premier_league,Premier League,chelsea,Chelsea,manager,Manager,28117,danny_blanchflower_10-02-1926,Danny Blanchflower,10/02/1926,Northern Ireland,1978-12-14,1979-09-11,08 months 28 days,272,30.0,5,7,18,0.73,transfermarkt_manager_history_page,https://www.transfermarkt.com/chelsea/mitarbeiterhistorie/verein/631/personalie_id/1/plus/1,2026-04-27T18:42:58.504177+00:00,high,
premier_league,Premier League,chelsea,Chelsea,manager,Manager,84771,sir_geoff_hurst_08-12-1941,Sir Geoff Hurst,08/12/1941,England,1979-09-13,1981-04-23,01 year 07 months 10 days,589,41.0,22,6,13,1.76,transfermarkt_manager_history_page,https://www.transfermarkt.com/chelsea/mitarbeiterhistorie/verein/631/personalie_id/1/plus/1,2026-04-27T18:42:58.504177+00:00,high,
premier_league,Premier League,chelsea,Chelsea,manager,Manager,51056,john_neal_03-04-1932,John Neal,03/04/1932,England,1981-05-28,1985-06-11,04 years 14 days,1476,88.0,37,24,27,1.53,transfermarkt_manager_history_page,https://www.transfermarkt.com/chelsea/mitarbeiterhistorie/verein/631/personalie_id/1/plus/1,2026-04-27T18:42:58.504177+00:00,high,
premier_league,Premier League,chelsea,Chelsea,manager,Manager,6306,john_hollins_16-06-1946,John Hollins,16/06/1946,England,1985-07-01,1988-03-06,02 years 08 months 04 days,980,132.0,48,36,48,1.36,transfermarkt_manager_history_page,https://www.transfermarkt.com/chelsea/mitarbeiterhistorie/verein/631/personalie_id/1/plus/1,2026-04-27T18:42:58.504177+00:00,high,
premier_league,Premier League,chelsea,Chelsea,manager,Manager,23631,bobby_campbell_23-04-1937,Bobby Campbell,23/04/1937,England,1988-03-06,1991-05-12,03 years 02 months 06 days,1163,150.0,65,46,39,1.61,transfermarkt_manager_history_page,https://www.transfermarkt.com/chelsea/mitarbeiterhistorie/verein/631/personalie_id/1/plus/1,2026-04-27T18:42:58.504177+00:00,high,
premier_league,Premier League,chelsea,Chelsea,manager,Manager,3694,ian_porterfield_11-02-1946,Ian Porterfield,11/02/1946,Scotland,1991-07-01,1993-02-15,01 year 07 months 15 days,596,85.0,29,27,29,1.34,transfermarkt_manager_history_page,https://www.transfermarkt.com/chelsea/mitarbeiterhistorie/verein/631/personalie_id/1/plus/1,2026-04-27T18:42:58.504177+00:00,high,
premier_league,Premier League,chelsea,Chelsea,manager,Manager,6119,david_webb_09-04-1946,David Webb,09/04/1946,England,1993-02-16,1993-06-30,04 months 14 days,135,13.0,5,4,4,1.46,transfermarkt_manager_history_page,https://www.transfermarkt.com/chelsea/mitarbeiterhistorie/verein/631/personalie_id/1/plus/1,2026-04-27T18:42:58.504177+00:00,high,
premier_league,Premier League,chelsea,Chelsea,manager,Manager,459,glenn_hoddle_27-10-1957,Glenn Hoddle,27/10/1957,England,1993-07-01,1996-06-30,02 years 11 months 30 days,1096,157.0,54,52,51,1.36,transfermarkt_manager_history_page,https://www.transfermarkt.com/chelsea/mitarbeiterhistorie/verein/631/personalie_id/1/plus/1,2026-04-27T18:42:58.504177+00:00,high,
premier_league,Premier League,chelsea,Chelsea,manager,Manager,2640,gianluca_vialli_09-07-1964,Gianluca Vialli,09/07/1964,Italy,1998-02-13,2000-09-12,02 years 06 months 30 days,943,135.0,72,38,25,1.88,transfermarkt_manager_history_page,https://www.transfermarkt.com/chelsea/mitarbeiterhistorie/verein/631/personalie_id/1/plus/1,2026-04-27T18:42:58.504177+00:00,high,
premier_league,Premier League,chelsea,Chelsea,manager,Manager,456,claudio_ranieri_20-10-1951,Claudio Ranieri,20/10/1951,Italy,2000-09-18,2004-06-30,03 years 09 months 12 days,1382,199.0,107,46,46,1.84,transfermarkt_manager_history_page,https://www.transfermarkt.com/chelsea/mitarbeiterhistorie/verein/631/personalie_id/1/plus/1,2026-04-27T18:42:58.504177+00:00,high,
premier_league,Premier League,chelsea,Chelsea,manager,Manager,781,jos_mourinho_26-01-1963,José Mourinho,26/01/1963,Portugal,2004-07-01,2007-09-20,03 years 02 months 20 days,1177,185.0,124,38,23,2.22,transfermarkt_manager_history_page,https://www.transfermarkt.com/chelsea/mitarbeiterhistorie/verein/631/personalie_id/1/plus/1,2026-04-27T18:42:58.504177+00:00,high,
premier_league,Premier League,chelsea,Chelsea,manager,Manager,5232,avram_grant_06-02-1955,Avram Grant,06/02/1955,Israel | Poland,2007-09-20,2008-05-24,08 months 04 days,248,54.0,36,12,6,2.22,transfermarkt_manager_history_page,https://www.transfermarkt.com/chelsea/mitarbeiterhistorie/verein/631/personalie_id/1/plus/1,2026-04-27T18:42:58.504177+00:00,high,
premier_league,Premier League,chelsea,Chelsea,manager,Manager,1068,luiz_felipe_scolari_09-11-1948,Luiz Felipe Scolari,09/11/1948,Brazil | Italy,2008-07-01,2009-02-09,07 months 09 days,224,36.0,20,10,6,1.94,transfermarkt_manager_history_page,https://www.transfermarkt.com/chelsea/mitarbeiterhistorie/verein/631/personalie_id/1/plus/1,2026-04-27T18:42:58.504177+00:00,high,
premier_league,Premier League,chelsea,Chelsea,manager,Manager,506,guus_hiddink_08-11-1946,Guus Hiddink,08/11/1946,Netherlands,2009-02-11,2009-06-30,04 months 19 days,140,22.0,16,5,1,2.41,transfermarkt_manager_history_page,https://www.transfermarkt.com/chelsea/mitarbeiterhistorie/verein/631/personalie_id/1/plus/1,2026-04-27T18:42:58.504177+00:00,high,
premier_league,Premier League,chelsea,Chelsea,manager,Manager,523,carlo_ancelotti_10-06-1959,Carlo Ancelotti,10/06/1959,Italy,2009-07-01,2011-06-30,01 year 11 months 30 days,730,109.0,68,17,24,2.03,transfermarkt_manager_history_page,https://www.transfermarkt.com/chelsea/mitarbeiterhistorie/verein/631/personalie_id/1/plus/1,2026-04-27T18:42:58.504177+00:00,high,
premier_league,Premier League,chelsea,Chelsea,manager,Manager,1696,andr_villas_boas_17-10-1977,André Villas-Boas,17/10/1977,Portugal,2011-07-01,2012-03-04,08 months 02 days,248,40.0,20,10,10,1.75,transfermarkt_manager_history_page,https://www.transfermarkt.com/chelsea/mitarbeiterhistorie/verein/631/personalie_id/1/plus/1,2026-04-27T18:42:58.504177+00:00,high,
premier_league,Premier League,chelsea,Chelsea,manager,Manager,6783,roberto_di_matteo_29-05-1970,Roberto Di Matteo,29/05/1970,Italy | Switzerland,2012-07-01,2012-11-21,04 months 21 days,144,21.0,11,4,6,1.76,transfermarkt_manager_history_page,https://www.transfermarkt.com/chelsea/mitarbeiterhistorie/verein/631/personalie_id/1/plus/1,2026-04-27T18:42:58.504177+00:00,high,
premier_league,Premier League,chelsea,Chelsea,manager,Manager,1522,rafael_ben_tez_16-04-1960,Rafael Benítez,16/04/1960,Spain,2012-11-22,2013-06-30,07 months 08 days,221,48.0,28,10,10,1.96,transfermarkt_manager_history_page,https://www.transfermarkt.com/chelsea/mitarbeiterhistorie/verein/631/personalie_id/1/plus/1,2026-04-27T18:42:58.504177+00:00,high,
premier_league,Premier League,chelsea,Chelsea,manager,Manager,781,jos_mourinho_26-01-1963,José Mourinho,26/01/1963,Portugal,2013-07-01,2015-12-17,02 years 05 months 16 days,900,136.0,80,27,29,1.96,transfermarkt_manager_history_page,https://www.transfermarkt.com/chelsea/mitarbeiterhistorie/verein/631/personalie_id/1/plus/1,2026-04-27T18:42:58.504177+00:00,high,
premier_league,Premier League,chelsea,Chelsea,manager,Manager,3517,antonio_conte_31-07-1969,Antonio Conte,31/07/1969,Italy,2016-07-01,2018-07-13,02 years 12 days,743,106.0,70,15,21,2.12,transfermarkt_manager_history_page,https://www.transfermarkt.com/chelsea/mitarbeiterhistorie/verein/631/personalie_id/1/plus/1,2026-04-27T18:42:58.504177+00:00,high,
premier_league,Premier League,chelsea,Chelsea,manager,Manager,10073,maurizio_sarri_10-01-1959,Maurizio Sarri,10/01/1959,Italy,2018-07-14,2019-06-30,11 months 16 days,352,63.0,40,11,12,2.08,transfermarkt_manager_history_page,https://www.transfermarkt.com/chelsea/mitarbeiterhistorie/verein/631/personalie_id/1/plus/1,2026-04-27T18:42:58.504177+00:00,high,
premier_league,Premier League,chelsea,Chelsea,manager,Manager,60805,frank_lampard_20-06-1978,Frank Lampard,20/06/1978,England,2019-07-04,2021-01-25,01 year 06 months 21 days,572,84.0,44,15,25,1.75,transfermarkt_manager_history_page,https://www.transfermarkt.com/chelsea/mitarbeiterhistorie/verein/631/personalie_id/1/plus/1,2026-04-27T18:42:58.504177+00:00,high,
premier_league,Premier League,chelsea,Chelsea,manager,Manager,7471,thomas_tuchel_29-08-1973,Thomas Tuchel,29/08/1973,Germany,2021-01-26,2022-09-07,01 year 07 months 12 days,590,100.0,63,19,18,2.08,transfermarkt_manager_history_page,https://www.transfermarkt.com/chelsea/mitarbeiterhistorie/verein/631/personalie_id/1/plus/1,2026-04-27T18:42:58.504177+00:00,high,
premier_league,Premier League,chelsea,Chelsea,manager,Manager,23954,graham_potter_20-05-1975,Graham Potter,20/05/1975,England,2022-09-08,2023-04-02,06 months 25 days,207,31.0,12,8,11,1.42,transfermarkt_manager_history_page,https://www.transfermarkt.com/chelsea/mitarbeiterhistorie/verein/631/personalie_id/1/plus/1,2026-04-27T18:42:58.504177+00:00,high,
premier_league,Premier League,chelsea,Chelsea,manager,Manager,9044,mauricio_pochettino_02-03-1972,Mauricio Pochettino,02/03/1972,Argentina | Spain,2023-07-01,2024-06-30,11 months 30 days,366,51.0,27,10,14,1.78,transfermarkt_manager_history_page,https://www.transfermarkt.com/chelsea/mitarbeiterhistorie/verein/631/personalie_id/1/plus/1,2026-04-27T18:42:58.504177+00:00,high,
premier_league,Premier League,chelsea,Chelsea,manager,Manager,53749,enzo_maresca_10-02-1980,Enzo Maresca,10/02/1980,Italy,2024-07-01,2026-01-01,01 year 06 months 01 day,550,92.0,55,16,21,1.97,transfermarkt_manager_history_page,https://www.transfermarkt.com/chelsea/mitarbeiterhistorie/verein/631/personalie_id/1/plus/1,2026-04-27T18:42:58.504177+00:00,high,
premier_league,Premier League,chelsea,Chelsea,manager,Manager,62134,liam_rosenior_09-07-1984,Liam Rosenior,09/07/1984,England | Sierra Leone,2026-01-08,2026-04-22,03 months 14 days,105,23.0,11,2,10,1.52,transfermarkt_manager_history_page,https://www.transfermarkt.com/chelsea/mitarbeiterhistorie/verein/631/personalie_id/1/plus/1,2026-04-27T18:42:58.504177+00:00,high,
premier_league,Premier League,liverpool,Liverpool,manager,Manager,39522,john_mckenna_03-01-1855,John McKenna,03/01/1855,Ireland,1892-03-15,1896-08-16,04 years 05 months 00 days,1616,5.0,1,1,3,0.8,transfermarkt_manager_history_page,https://www.transfermarkt.com/liverpool/mitarbeiterhistorie/verein/31/personalie_id/1/plus/1,2026-04-27T18:43:00.386012+00:00,high,
premier_league,Premier League,liverpool,Liverpool,manager,Manager,151674,william_barclay_14-06-1857,William Barclay,14/06/1857,Ireland,1892-03-15,1896-07-01,04 years 03 months 15 days,1570,0.0,0,0,0,,transfermarkt_manager_history_page,https://www.transfermarkt.com/liverpool/mitarbeiterhistorie/verein/31/personalie_id/1/plus/1,2026-04-27T18:43:00.386012+00:00,high,
premier_league,Premier League,liverpool,Liverpool,manager,Manager,39521,tom_watson_09-04-1859,Tom Watson,09/04/1859,England,1896-08-17,1915-05-06,18 years 08 months 19 days,6836,396.0,174,69,153,1.49,transfermarkt_manager_history_page,https://www.transfermarkt.com/liverpool/mitarbeiterhistorie/verein/31/personalie_id/1/plus/1,2026-04-27T18:43:00.386012+00:00,high,
premier_league,Premier League,liverpool,Liverpool,manager,Manager,39518,george_patterson_01-01-1887,George Patterson,01/01/1887,England,1918-09-14,1919-12-17,01 year 03 months 03 days,460,11.0,4,1,6,1.18,transfermarkt_manager_history_page,https://www.transfermarkt.com/liverpool/mitarbeiterhistorie/verein/31/personalie_id/1/plus/1,2026-04-27T18:43:00.386012+00:00,high,
premier_league,Premier League,liverpool,Liverpool,manager,Manager,39520,david_ashworth_02-06-1868,David Ashworth,02/06/1868,England,1919-12-17,1922-12-29,03 years 12 days,1109,96.0,49,23,24,1.77,transfermarkt_manager_history_page,https://www.transfermarkt.com/liverpool/mitarbeiterhistorie/verein/31/personalie_id/1/plus/1,2026-04-27T18:43:00.386012+00:00,high,
premier_league,Premier League,liverpool,Liverpool,manager,Manager,39519,matt_mcqueen_18-05-1863,Matt McQueen,18/05/1863,Scotland,1923-02-13,1928-02-15,05 years 02 days,1829,176.0,69,47,60,1.44,transfermarkt_manager_history_page,https://www.transfermarkt.com/liverpool/mitarbeiterhistorie/verein/31/personalie_id/1/plus/1,2026-04-27T18:43:00.386012+00:00,high,
premier_league,Premier League,liverpool,Liverpool,manager,Manager,39518,george_patterson_01-01-1887,George Patterson,01/01/1887,England,1928-03-07,1936-08-06,08 years 04 months 30 days,3075,351.0,130,84,137,1.35,transfermarkt_manager_history_page,https://www.transfermarkt.com/liverpool/mitarbeiterhistorie/verein/31/personalie_id/1/plus/1,2026-04-27T18:43:00.386012+00:00,high,
premier_league,Premier League,liverpool,Liverpool,manager,Manager,39517,george_kay_21-09-1891,George Kay,21/09/1891,England,1936-08-06,1951-01-30,14 years 05 months 24 days,5291,334.0,128,89,117,1.42,transfermarkt_manager_history_page,https://www.transfermarkt.com/liverpool/mitarbeiterhistorie/verein/31/personalie_id/1/plus/1,2026-04-27T18:43:00.386012+00:00,high,
premier_league,Premier League,liverpool,Liverpool,manager,Manager,39515,don_welsh_25-02-1911,Don Welsh,25/02/1911,England,1951-03-05,1956-05-04,05 years 01 month 29 days,1888,223.0,77,56,90,1.29,transfermarkt_manager_history_page,https://www.transfermarkt.com/liverpool/mitarbeiterhistorie/verein/31/personalie_id/1/plus/1,2026-04-27T18:43:00.386012+00:00,high,
premier_league,Premier League,liverpool,Liverpool,manager,Manager,39514,phil_taylor_18-09-1917,Phil Taylor,18/09/1917,England,1956-05-05,1959-11-17,03 years 06 months 12 days,1292,147.0,74,33,40,1.73,transfermarkt_manager_history_page,https://www.transfermarkt.com/liverpool/mitarbeiterhistorie/verein/31/personalie_id/1/plus/1,2026-04-27T18:43:00.386012+00:00,high,
premier_league,Premier League,liverpool,Liverpool,manager,Manager,17742,bill_shankly_02-09-1913,Bill Shankly,02/09/1913,Scotland,1959-12-14,1974-07-12,14 years 06 months 28 days,5325,770.0,401,194,175,1.81,transfermarkt_manager_history_page,https://www.transfermarkt.com/liverpool/mitarbeiterhistorie/verein/31/personalie_id/1/plus/1,2026-04-27T18:43:00.386012+00:00,high,
premier_league,Premier League,liverpool,Liverpool,manager,Manager,17744,bob_paisley_23-01-1918,Bob Paisley,23/01/1918,England,1974-07-26,1983-06-30,08 years 11 months 04 days,3262,534.0,308,130,96,1.97,transfermarkt_manager_history_page,https://www.transfermarkt.com/liverpool/mitarbeiterhistorie/verein/31/personalie_id/1/plus/1,2026-04-27T18:43:00.386012+00:00,high,
premier_league,Premier League,liverpool,Liverpool,manager,Manager,21224,joe_fagan_12-03-1921,Joe Fagan,12/03/1921,England,1983-07-01,1985-05-29,01 year 10 months 28 days,699,130.0,71,35,24,1.91,transfermarkt_manager_history_page,https://www.transfermarkt.com/liverpool/mitarbeiterhistorie/verein/31/personalie_id/1/plus/1,2026-04-27T18:43:00.386012+00:00,high,
premier_league,Premier League,liverpool,Liverpool,manager,Manager,449,graeme_souness_06-05-1953,Graeme Souness,06/05/1953,Scotland,1991-04-16,1994-01-28,02 years 09 months 12 days,1019,156.0,65,45,46,1.54,transfermarkt_manager_history_page,https://www.transfermarkt.com/liverpool/mitarbeiterhistorie/verein/31/personalie_id/1/plus/1,2026-04-27T18:43:00.386012+00:00,high,
premier_league,Premier League,liverpool,Liverpool,manager,Manager,17624,roy_evans_04-10-1948,Roy Evans,04/10/1948,England,1994-01-28,1998-11-11,04 years 09 months 14 days,1749,243.0,124,62,57,1.79,transfermarkt_manager_history_page,https://www.transfermarkt.com/liverpool/mitarbeiterhistorie/verein/31/personalie_id/1/plus/1,2026-04-27T18:43:00.386012+00:00,high,
premier_league,Premier League,liverpool,Liverpool,manager,Manager,460,g_rard_houllier_03-09-1947,Gérard Houllier,03/09/1947,France,1998-11-12,2004-06-30,05 years 07 months 18 days,2058,307.0,160,73,74,1.8,transfermarkt_manager_history_page,https://www.transfermarkt.com/liverpool/mitarbeiterhistorie/verein/31/personalie_id/1/plus/1,2026-04-27T18:43:00.386012+00:00,high,
premier_league,Premier League,liverpool,Liverpool,manager,Manager,1522,rafael_ben_tez_16-04-1960,Rafael Benítez,16/04/1960,Spain,2004-07-01,2010-06-30,05 years 11 months 30 days,2191,350.0,197,74,79,1.9,transfermarkt_manager_history_page,https://www.transfermarkt.com/liverpool/mitarbeiterhistorie/verein/31/personalie_id/1/plus/1,2026-04-27T18:43:00.386012+00:00,high,
premier_league,Premier League,liverpool,Liverpool,manager,Manager,1775,roy_hodgson_09-08-1947,Roy Hodgson,09/08/1947,England,2010-07-01,2011-01-07,06 months 07 days,191,31.0,13,8,10,1.52,transfermarkt_manager_history_page,https://www.transfermarkt.com/liverpool/mitarbeiterhistorie/verein/31/personalie_id/1/plus/1,2026-04-27T18:43:00.386012+00:00,high,
premier_league,Premier League,liverpool,Liverpool,manager,Manager,12320,kenny_dalglish_04-03-1951,Kenny Dalglish,04/03/1951,Scotland,2011-01-08,2012-05-16,01 year 04 months 08 days,495,74.0,36,16,22,1.68,transfermarkt_manager_history_page,https://www.transfermarkt.com/liverpool/mitarbeiterhistorie/verein/31/personalie_id/1/plus/1,2026-04-27T18:43:00.386012+00:00,high,
premier_league,Premier League,liverpool,Liverpool,manager,Manager,1366,brendan_rodgers_26-01-1973,Brendan Rodgers,26/01/1973,Northern Ireland,2012-07-01,2015-10-04,03 years 03 months 03 days,1191,166.0,85,39,42,1.77,transfermarkt_manager_history_page,https://www.transfermarkt.com/liverpool/mitarbeiterhistorie/verein/31/personalie_id/1/plus/1,2026-04-27T18:43:00.386012+00:00,high,
premier_league,Premier League,liverpool,Liverpool,manager,Manager,118,j_rgen_klopp_16-06-1967,Jürgen Klopp,16/06/1967,Germany,2015-10-08,2024-06-30,08 years 08 months 22 days,3189,489.0,304,100,85,2.07,transfermarkt_manager_history_page,https://www.transfermarkt.com/liverpool/mitarbeiterhistorie/verein/31/personalie_id/1/plus/1,2026-04-27T18:43:00.386012+00:00,high,
premier_league,Premier League,liverpool,Liverpool,manager,Manager,34822,arne_slot_17-09-1978,Arne Slot,17/09/1978,Netherlands,2024-07-01,,01 year 09 months 27 days,666,109.0,66,16,27,1.96,transfermarkt_manager_history_page,https://www.transfermarkt.com/liverpool/mitarbeiterhistorie/verein/31/personalie_id/1/plus/1,2026-04-27T18:43:00.386012+00:00,high,Manager spell appears ongoing on the collection date.
premier_league,Premier League,manchester_city,Manchester City,manager,Manager,75639,lawrence_furniss_16-02-1862,Lawrence Furniss,16/02/1862,England,1889-07-01,1893-08-01,04 years 01 month 00 days,1493,0.0,0,0,0,,transfermarkt_manager_history_page,https://www.transfermarkt.com/manchester-city/mitarbeiterhistorie/verein/281/personalie_id/1/plus/1,2026-04-27T18:42:54.735190+00:00,high,
premier_league,Premier League,manchester_city,Manchester City,manager,Manager,139379,sam_ormerod_01-01-1848,Sam Ormerod,01/01/1848,England,1895-08-01,1902-06-30,06 years 10 months 29 days,2525,12.0,3,2,7,0.92,transfermarkt_manager_history_page,https://www.transfermarkt.com/manchester-city/mitarbeiterhistorie/verein/281/personalie_id/1/plus/1,2026-04-27T18:42:54.735190+00:00,high,
premier_league,Premier League,manchester_city,Manchester City,manager,Manager,135831,harry_newbould_01-01-1861,Harry Newbould,01/01/1861,England,1906-07-31,1912-07-31,06 years 00 days,2193,17.0,3,5,9,0.82,transfermarkt_manager_history_page,https://www.transfermarkt.com/manchester-city/mitarbeiterhistorie/verein/281/personalie_id/1/plus/1,2026-04-27T18:42:54.735190+00:00,high,
premier_league,Premier League,manchester_city,Manchester City,manager,Manager,75640,ernest_mangnall_04-01-1866,Ernest Mangnall,04/01/1866,England,1912-09-10,1924-06-30,11 years 09 months 20 days,4312,31.0,11,7,13,1.29,transfermarkt_manager_history_page,https://www.transfermarkt.com/manchester-city/mitarbeiterhistorie/verein/281/personalie_id/1/plus/1,2026-04-27T18:42:54.735190+00:00,high,
premier_league,Premier League,manchester_city,Manchester City,manager,Manager,39520,david_ashworth_02-06-1868,David Ashworth,02/06/1868,England,1924-07-01,1925-11-01,01 year 04 months 01 day,489,17.0,5,4,8,1.12,transfermarkt_manager_history_page,https://www.transfermarkt.com/manchester-city/mitarbeiterhistorie/verein/281/personalie_id/1/plus/1,2026-04-27T18:42:54.735190+00:00,high,
premier_league,Premier League,manchester_city,Manchester City,manager,Manager,75641,albert_alexander_21-09-1867,Albert Alexander,21/09/1867,England,1925-11-15,1926-04-25,05 months 10 days,162,16.0,4,6,6,1.13,transfermarkt_manager_history_page,https://www.transfermarkt.com/manchester-city/mitarbeiterhistorie/verein/281/personalie_id/1/plus/1,2026-04-27T18:42:54.735190+00:00,high,
premier_league,Premier League,manchester_city,Manchester City,manager,Manager,75642,peter_hodge_28-06-1871,Peter Hodge,28/06/1871,Scotland,1926-04-26,1932-03-12,05 years 10 months 15 days,2148,163.0,68,39,56,1.49,transfermarkt_manager_history_page,https://www.transfermarkt.com/manchester-city/mitarbeiterhistorie/verein/281/personalie_id/1/plus/1,2026-04-27T18:42:54.735190+00:00,high,
premier_league,Premier League,manchester_city,Manchester City,manager,Manager,75643,wilf_wild_01-01-1893,Wilf Wild,01/01/1893,England,1932-03-14,1946-12-01,14 years 08 months 17 days,5376,275.0,115,56,104,1.46,transfermarkt_manager_history_page,https://www.transfermarkt.com/manchester-city/mitarbeiterhistorie/verein/281/personalie_id/1/plus/1,2026-04-27T18:42:54.735190+00:00,high,
premier_league,Premier League,manchester_city,Manchester City,manager,Manager,75644,samuel_cowan_10-05-1901,Samuel Cowan,10/05/1901,England,1946-12-02,1947-06-30,06 months 28 days,211,3.0,1,1,1,1.33,transfermarkt_manager_history_page,https://www.transfermarkt.com/manchester-city/mitarbeiterhistorie/verein/281/personalie_id/1/plus/1,2026-04-27T18:42:54.735190+00:00,high,
premier_league,Premier League,manchester_city,Manchester City,manager,Manager,75643,wilf_wild_01-01-1893,Wilf Wild,01/01/1893,England,1947-08-01,1947-10-31,02 months 29 days,92,14.0,4,5,5,1.21,transfermarkt_manager_history_page,https://www.transfermarkt.com/manchester-city/mitarbeiterhistorie/verein/281/personalie_id/1/plus/1,2026-04-27T18:42:54.735190+00:00,high,
premier_league,Premier League,manchester_city,Manchester City,manager,Manager,75645,jock_thomson_06-07-1906,Jock Thomson,06/07/1906,Scotland,1947-11-01,1950-05-31,02 years 06 months 29 days,943,115.0,35,35,45,1.22,transfermarkt_manager_history_page,https://www.transfermarkt.com/manchester-city/mitarbeiterhistorie/verein/281/personalie_id/1/plus/1,2026-04-27T18:42:54.735190+00:00,high,
premier_league,Premier League,manchester_city,Manchester City,manager,Manager,75646,les_mcdowall_25-10-1912,Les McDowall,25/10/1912,Scotland,1950-06-01,1963-06-30,13 years 29 days,4778,535.0,194,109,232,1.29,transfermarkt_manager_history_page,https://www.transfermarkt.com/manchester-city/mitarbeiterhistorie/verein/281/personalie_id/1/plus/1,2026-04-27T18:42:54.735190+00:00,high,
premier_league,Premier League,manchester_city,Manchester City,manager,Manager,75647,george_poyser_06-02-1910,George Poyser,06/02/1910,England,1963-07-12,1965-04-01,01 year 08 months 20 days,630,27.0,13,3,11,1.56,transfermarkt_manager_history_page,https://www.transfermarkt.com/manchester-city/mitarbeiterhistorie/verein/281/personalie_id/1/plus/1,2026-04-27T18:42:54.735190+00:00,high,
premier_league,Premier League,manchester_city,Manchester City,manager,Manager,26722,joe_mercer_09-08-1914,Joe Mercer,09/08/1914,England,1965-07-13,1971-10-06,06 years 02 months 23 days,2277,280.0,119,73,88,1.54,transfermarkt_manager_history_page,https://www.transfermarkt.com/manchester-city/mitarbeiterhistorie/verein/281/personalie_id/1/plus/1,2026-04-27T18:42:54.735190+00:00,high,
premier_league,Premier League,manchester_city,Manchester City,manager,Manager,66259,malcolm_allison_05-09-1927,Malcolm Allison,05/09/1927,England,1971-10-07,1973-03-29,01 year 05 months 22 days,540,76.0,31,21,24,1.5,transfermarkt_manager_history_page,https://www.transfermarkt.com/manchester-city/mitarbeiterhistorie/verein/281/personalie_id/1/plus/1,2026-04-27T18:42:54.735190+00:00,high,
premier_league,Premier League,manchester_city,Manchester City,manager,Manager,73119,johnny_hart_08-06-1928,Johnny Hart,08/06/1928,England,1973-03-30,1973-10-22,06 months 22 days,207,20.0,9,5,6,1.6,transfermarkt_manager_history_page,https://www.transfermarkt.com/manchester-city/mitarbeiterhistorie/verein/281/personalie_id/1/plus/1,2026-04-27T18:42:54.735190+00:00,high,
premier_league,Premier League,manchester_city,Manchester City,manager,Manager,27684,ron_saunders_06-11-1932,Ron Saunders,06/11/1932,England,1973-11-22,1974-04-12,04 months 21 days,142,28.0,8,9,11,1.18,transfermarkt_manager_history_page,https://www.transfermarkt.com/manchester-city/mitarbeiterhistorie/verein/281/personalie_id/1/plus/1,2026-04-27T18:42:54.735190+00:00,high,
premier_league,Premier League,manchester_city,Manchester City,manager,Manager,24910,tony_book_04-09-1934,Tony Book,04/09/1934,England,1974-04-12,1979-01-01,04 years 08 months 20 days,1726,228.0,97,66,65,1.57,transfermarkt_manager_history_page,https://www.transfermarkt.com/manchester-city/mitarbeiterhistorie/verein/281/personalie_id/1/plus/1,2026-04-27T18:42:54.735190+00:00,high,
premier_league,Premier League,manchester_city,Manchester City,manager,Manager,66259,malcolm_allison_05-09-1927,Malcolm Allison,05/09/1927,England,1979-07-16,1980-10-01,01 year 02 months 15 days,444,57.0,15,20,22,1.14,transfermarkt_manager_history_page,https://www.transfermarkt.com/manchester-city/mitarbeiterhistorie/verein/281/personalie_id/1/plus/1,2026-04-27T18:42:54.735190+00:00,high,
premier_league,Premier League,manchester_city,Manchester City,manager,Manager,51095,john_bond_17-12-1932,John Bond,17/12/1932,England,1980-10-17,1983-02-03,02 years 03 months 17 days,840,120.0,50,31,39,1.51,transfermarkt_manager_history_page,https://www.transfermarkt.com/manchester-city/mitarbeiterhistorie/verein/281/personalie_id/1/plus/1,2026-04-27T18:42:54.735190+00:00,high,
premier_league,Premier League,manchester_city,Manchester City,manager,Manager,6237,john_benson_23-12-1942,John Benson,23/12/1942,Scotland,1983-02-03,1983-06-07,04 months 04 days,125,17.0,3,2,12,0.65,transfermarkt_manager_history_page,https://www.transfermarkt.com/manchester-city/mitarbeiterhistorie/verein/281/personalie_id/1/plus/1,2026-04-27T18:42:54.735190+00:00,high,
premier_league,Premier League,manchester_city,Manchester City,manager,Manager,23025,billy_mcneill_02-03-1940,Billy McNeill,02/03/1940,Scotland,1983-06-30,1986-08-31,03 years 02 months 01 day,1159,70.0,21,18,31,1.16,transfermarkt_manager_history_page,https://www.transfermarkt.com/manchester-city/mitarbeiterhistorie/verein/281/personalie_id/1/plus/1,2026-04-27T18:42:54.735190+00:00,high,
premier_league,Premier League,manchester_city,Manchester City,manager,Manager,84887,jimmy_frizzell_16-02-1937,Jimmy Frizzell,16/02/1937,Scotland,1986-09-21,1987-05-30,08 months 09 days,252,36.0,7,10,19,0.86,transfermarkt_manager_history_page,https://www.transfermarkt.com/manchester-city/mitarbeiterhistorie/verein/281/personalie_id/1/plus/1,2026-04-27T18:42:54.735190+00:00,high,
premier_league,Premier League,manchester_city,Manchester City,manager,Manager,7300,mel_machin_16-04-1945,Mel Machin,16/04/1945,England,1987-05-01,1989-11-30,02 years 06 months 30 days,945,93.0,42,20,31,1.57,transfermarkt_manager_history_page,https://www.transfermarkt.com/manchester-city/mitarbeiterhistorie/verein/281/personalie_id/1/plus/1,2026-04-27T18:42:54.735190+00:00,high,
premier_league,Premier League,manchester_city,Manchester City,manager,Manager,6117,howard_kendall_22-05-1946,Howard Kendall,22/05/1946,England,1989-12-06,1990-11-05,10 months 30 days,335,39.0,13,18,8,1.46,transfermarkt_manager_history_page,https://www.transfermarkt.com/manchester-city/mitarbeiterhistorie/verein/281/personalie_id/1/plus/1,2026-04-27T18:42:54.735190+00:00,high,
premier_league,Premier League,manchester_city,Manchester City,manager,Manager,454,peter_reid_20-06-1956,Peter Reid,20/06/1956,England,1990-11-15,1993-08-26,02 years 09 months 11 days,1016,131.0,57,31,43,1.54,transfermarkt_manager_history_page,https://www.transfermarkt.com/manchester-city/mitarbeiterhistorie/verein/281/personalie_id/1/plus/1,2026-04-27T18:42:54.735190+00:00,high,
premier_league,Premier League,manchester_city,Manchester City,manager,Manager,3129,brian_horton_04-02-1949,Brian Horton,04/02/1949,England,1993-08-28,1995-05-16,01 year 08 months 18 days,627,96.0,29,33,34,1.25,transfermarkt_manager_history_page,https://www.transfermarkt.com/manchester-city/mitarbeiterhistorie/verein/281/personalie_id/1/plus/1,2026-04-27T18:42:54.735190+00:00,high,
premier_league,Premier League,manchester_city,Manchester City,manager,Manager,23003,alan_ball_12-05-1945,Alan Ball,12/05/1945,England,1995-07-02,1996-08-27,01 year 01 month 25 days,423,49.0,13,14,22,1.08,transfermarkt_manager_history_page,https://www.transfermarkt.com/manchester-city/mitarbeiterhistorie/verein/281/personalie_id/1/plus/1,2026-04-27T18:42:54.735190+00:00,high,
premier_league,Premier League,manchester_city,Manchester City,manager,Manager,676,steve_coppell_09-07-1955,Steve Coppell,09/07/1955,England,1996-10-06,1996-11-08,01 month 02 days,34,6.0,2,1,3,1.17,transfermarkt_manager_history_page,https://www.transfermarkt.com/manchester-city/mitarbeiterhistorie/verein/281/personalie_id/1/plus/1,2026-04-27T18:42:54.735190+00:00,high,
premier_league,Premier League,manchester_city,Manchester City,manager,Manager,16598,frank_clark_09-09-1943,Frank Clark,09/09/1943,England,1996-12-29,1998-02-17,01 year 01 month 19 days,416,59.0,19,17,23,1.25,transfermarkt_manager_history_page,https://www.transfermarkt.com/manchester-city/mitarbeiterhistorie/verein/281/personalie_id/1/plus/1,2026-04-27T18:42:54.735190+00:00,high,
premier_league,Premier League,manchester_city,Manchester City,manager,Manager,602,joe_royle_08-04-1949,Joe Royle,08/04/1949,England,1998-02-18,2001-05-21,03 years 03 months 03 days,1189,167.0,73,44,50,1.57,transfermarkt_manager_history_page,https://www.transfermarkt.com/manchester-city/mitarbeiterhistorie/verein/281/personalie_id/1/plus/1,2026-04-27T18:42:54.735190+00:00,high,
premier_league,Premier League,manchester_city,Manchester City,manager,Manager,453,kevin_keegan_14-02-1951,Kevin Keegan,14/02/1951,England,2001-05-24,2005-03-10,03 years 09 months 14 days,1387,176.0,77,39,60,1.53,transfermarkt_manager_history_page,https://www.transfermarkt.com/manchester-city/mitarbeiterhistorie/verein/281/personalie_id/1/plus/1,2026-04-27T18:42:54.735190+00:00,high,
premier_league,Premier League,manchester_city,Manchester City,manager,Manager,2090,stuart_pearce_24-04-1962,Stuart Pearce,24/04/1962,England,2005-03-11,2007-05-14,02 years 02 months 03 days,795,97.0,34,19,44,1.25,transfermarkt_manager_history_page,https://www.transfermarkt.com/manchester-city/mitarbeiterhistorie/verein/281/personalie_id/1/plus/1,2026-04-27T18:42:54.735190+00:00,high,
premier_league,Premier League,manchester_city,Manchester City,manager,Manager,1100,sven_g_ran_eriksson_05-02-1948,Sven-Göran Eriksson,05/02/1948,Sweden,2007-07-06,2008-06-02,10 months 27 days,333,45.0,19,11,15,1.51,transfermarkt_manager_history_page,https://www.transfermarkt.com/manchester-city/mitarbeiterhistorie/verein/281/personalie_id/1/plus/1,2026-04-27T18:42:54.735190+00:00,high,
premier_league,Premier League,manchester_city,Manchester City,manager,Manager,1646,mark_hughes_01-11-1963,Mark Hughes,01/11/1963,Wales,2008-06-04,2009-12-19,01 year 06 months 15 days,564,77.0,37,15,25,1.64,transfermarkt_manager_history_page,https://www.transfermarkt.com/manchester-city/mitarbeiterhistorie/verein/281/personalie_id/1/plus/1,2026-04-27T18:42:54.735190+00:00,high,
premier_league,Premier League,manchester_city,Manchester City,manager,Manager,524,roberto_mancini_27-11-1964,Roberto Mancini,27/11/1964,Italy,2009-12-19,2013-06-30,03 years 06 months 11 days,1290,191.0,113,38,40,1.97,transfermarkt_manager_history_page,https://www.transfermarkt.com/manchester-city/mitarbeiterhistorie/verein/281/personalie_id/1/plus/1,2026-04-27T18:42:54.735190+00:00,high,
premier_league,Premier League,manchester_city,Manchester City,manager,Manager,1558,manuel_pellegrini_16-09-1953,Manuel Pellegrini,16/09/1953,Chile | Italy,2013-07-01,2016-06-30,02 years 11 months 30 days,1096,166.0,101,27,38,1.99,transfermarkt_manager_history_page,https://www.transfermarkt.com/manchester-city/mitarbeiterhistorie/verein/281/personalie_id/1/plus/1,2026-04-27T18:42:54.735190+00:00,high,
premier_league,Premier League,manchester_city,Manchester City,manager,Manager,5672,pep_guardiola_18-01-1971,Pep Guardiola,18/01/1971,Spain,2016-07-01,,09 years 09 months 27 days,3588,587.0,420,75,92,2.27,transfermarkt_manager_history_page,https://www.transfermarkt.com/manchester-city/mitarbeiterhistorie/verein/281/personalie_id/1/plus/1,2026-04-27T18:42:54.735190+00:00,high,Manager spell appears ongoing on the collection date.
premier_league,Premier League,manchester_united,Manchester United,manager,Manager,140594,alf_albut_01-01-1849,Alf Albut,01/01/1849,England,1889-07-01,1900-05-26,10 years 10 months 24 days,3982,3.0,0,0,3,0.0,transfermarkt_manager_history_page,https://www.transfermarkt.com/manchester-united/mitarbeiterhistorie/verein/985/personalie_id/1/plus/1,2026-04-27T18:42:56.688983+00:00,high,
premier_league,Premier League,manchester_united,Manchester United,manager,Manager,75640,ernest_mangnall_04-01-1866,Ernest Mangnall,04/01/1866,England,1903-10-10,1912-09-09,08 years 10 months 30 days,3258,34.0,17,5,12,1.65,transfermarkt_manager_history_page,https://www.transfermarkt.com/manchester-united/mitarbeiterhistorie/verein/985/personalie_id/1/plus/1,2026-04-27T18:42:56.688983+00:00,high,
premier_league,Premier League,manchester_united,Manchester United,manager,Manager,136923,john_bentley_01-06-1860,John Bentley,01/06/1860,England,1912-10-28,1914-12-28,02 years 02 months 00 days,792,13.0,8,2,3,2.0,transfermarkt_manager_history_page,https://www.transfermarkt.com/manchester-united/mitarbeiterhistorie/verein/985/personalie_id/1/plus/1,2026-04-27T18:42:56.688983+00:00,high,
premier_league,Premier League,manchester_united,Manchester United,manager,Manager,75665,jack_robson_24-05-1860,Jack Robson,24/05/1860,England,1914-12-28,1921-10-31,06 years 10 months 03 days,2500,12.0,4,3,5,1.25,transfermarkt_manager_history_page,https://www.transfermarkt.com/manchester-united/mitarbeiterhistorie/verein/985/personalie_id/1/plus/1,2026-04-27T18:42:56.688983+00:00,high,
premier_league,Premier League,manchester_united,Manchester United,manager,Manager,128340,john_chapman_14-03-1882,John Chapman,14/03/1882,Scotland,1921-10-01,1926-10-01,05 years 00 days,1827,43.0,16,9,18,1.33,transfermarkt_manager_history_page,https://www.transfermarkt.com/manchester-united/mitarbeiterhistorie/verein/985/personalie_id/1/plus/1,2026-04-27T18:42:56.688983+00:00,high,
premier_league,Premier League,manchester_united,Manchester United,manager,Manager,125825,herbert_bamlett_01-03-1882,Herbert Bamlett,01/03/1882,England,1927-04-13,1931-11-09,04 years 06 months 27 days,1672,173.0,53,40,80,1.15,transfermarkt_manager_history_page,https://www.transfermarkt.com/manchester-united/mitarbeiterhistorie/verein/985/personalie_id/1/plus/1,2026-04-27T18:42:56.688983+00:00,high,
premier_league,Premier League,manchester_united,Manchester United,manager,Manager,62566,scott_duncan_02-11-1888,Scott Duncan,02/11/1888,Scotland,1932-07-01,1937-06-30,04 years 11 months 30 days,1826,54.0,18,13,23,1.24,transfermarkt_manager_history_page,https://www.transfermarkt.com/manchester-united/mitarbeiterhistorie/verein/985/personalie_id/1/plus/1,2026-04-27T18:42:56.688983+00:00,high,
premier_league,Premier League,manchester_united,Manchester United,manager,Manager,136494,walter_crickmer_17-12-1899,Walter Crickmer,17/12/1899,England,1937-11-09,1945-02-15,07 years 03 months 06 days,2656,42.0,11,16,15,1.17,transfermarkt_manager_history_page,https://www.transfermarkt.com/manchester-united/mitarbeiterhistorie/verein/985/personalie_id/1/plus/1,2026-04-27T18:42:56.688983+00:00,high,
premier_league,Premier League,manchester_united,Manchester United,manager,Manager,16204,sir_matt_busby_26-05-1909,Sir Matt Busby,26/05/1909,Scotland,1945-10-01,1969-06-30,23 years 08 months 30 days,8674,1088.0,548,254,286,1.74,transfermarkt_manager_history_page,https://www.transfermarkt.com/manchester-united/mitarbeiterhistorie/verein/985/personalie_id/1/plus/1,2026-04-27T18:42:56.688983+00:00,high,
premier_league,Premier League,manchester_united,Manchester United,manager,Manager,16209,wilf_mcguinness_25-10-1937,Wilf McGuinness,25/10/1937,England,1969-08-09,1970-12-29,01 year 04 months 20 days,508,88.0,32,33,23,1.47,transfermarkt_manager_history_page,https://www.transfermarkt.com/manchester-united/mitarbeiterhistorie/verein/985/personalie_id/1/plus/1,2026-04-27T18:42:56.688983+00:00,high,
premier_league,Premier League,manchester_united,Manchester United,manager,Manager,16204,sir_matt_busby_26-05-1909,Sir Matt Busby,26/05/1909,Scotland,1970-12-29,1971-06-08,05 months 10 days,162,21.0,11,3,7,1.71,transfermarkt_manager_history_page,https://www.transfermarkt.com/manchester-united/mitarbeiterhistorie/verein/985/personalie_id/1/plus/1,2026-04-27T18:42:56.688983+00:00,high,
premier_league,Premier League,manchester_united,Manchester United,manager,Manager,32030,frank_o_farrell_09-10-1927,Frank O'Farrell,09/10/1927,Ireland,1971-06-08,1972-12-19,01 year 06 months 11 days,561,81.0,30,24,27,1.41,transfermarkt_manager_history_page,https://www.transfermarkt.com/manchester-united/mitarbeiterhistorie/verein/985/personalie_id/1/plus/1,2026-04-27T18:42:56.688983+00:00,high,
premier_league,Premier League,manchester_united,Manchester United,manager,Manager,23570,tommy_docherty_24-04-1928,Tommy Docherty,24/04/1928,Scotland,1972-12-22,1977-07-04,04 years 06 months 12 days,1656,188.0,81,48,59,1.55,transfermarkt_manager_history_page,https://www.transfermarkt.com/manchester-united/mitarbeiterhistorie/verein/985/personalie_id/1/plus/1,2026-04-27T18:42:56.688983+00:00,high,
premier_league,Premier League,manchester_united,Manchester United,manager,Manager,26719,dave_sexton_06-04-1930,Dave Sexton,06/04/1930,England,1977-07-14,1981-04-01,03 years 08 months 18 days,1358,191.0,75,62,54,1.5,transfermarkt_manager_history_page,https://www.transfermarkt.com/manchester-united/mitarbeiterhistorie/verein/985/personalie_id/1/plus/1,2026-04-27T18:42:56.688983+00:00,high,
premier_league,Premier League,manchester_united,Manchester United,manager,Manager,7585,ron_atkinson_18-03-1939,Ron Atkinson,18/03/1939,England,1981-06-09,1986-11-06,05 years 04 months 28 days,1977,280.0,137,76,67,1.74,transfermarkt_manager_history_page,https://www.transfermarkt.com/manchester-united/mitarbeiterhistorie/verein/985/personalie_id/1/plus/1,2026-04-27T18:42:56.688983+00:00,high,
premier_league,Premier League,manchester_united,Manchester United,manager,Manager,4,alex_ferguson_31-12-1941,Alex Ferguson,31/12/1941,Scotland,1986-11-06,2013-06-30,26 years 07 months 24 days,9734,1499.0,902,326,271,2.02,transfermarkt_manager_history_page,https://www.transfermarkt.com/manchester-united/mitarbeiterhistorie/verein/985/personalie_id/1/plus/1,2026-04-27T18:42:56.688983+00:00,high,
premier_league,Premier League,manchester_united,Manchester United,manager,Manager,450,david_moyes_25-04-1963,David Moyes,25/04/1963,Scotland,2013-07-01,2014-04-22,09 months 22 days,296,51.0,26,10,15,1.73,transfermarkt_manager_history_page,https://www.transfermarkt.com/manchester-united/mitarbeiterhistorie/verein/985/personalie_id/1/plus/1,2026-04-27T18:42:56.688983+00:00,high,
premier_league,Premier League,manchester_united,Manchester United,manager,Manager,2029,louis_van_gaal_08-08-1951,Louis van Gaal,08/08/1951,Netherlands,2014-07-14,2016-05-23,01 year 10 months 09 days,680,103.0,54,24,25,1.81,transfermarkt_manager_history_page,https://www.transfermarkt.com/manchester-united/mitarbeiterhistorie/verein/985/personalie_id/1/plus/1,2026-04-27T18:42:56.688983+00:00,high,
premier_league,Premier League,manchester_united,Manchester United,manager,Manager,781,jos_mourinho_26-01-1963,José Mourinho,26/01/1963,Portugal,2016-07-01,2018-12-18,02 years 05 months 17 days,901,144.0,84,31,29,1.97,transfermarkt_manager_history_page,https://www.transfermarkt.com/manchester-united/mitarbeiterhistorie/verein/985/personalie_id/1/plus/1,2026-04-27T18:42:56.688983+00:00,high,
premier_league,Premier League,manchester_united,Manchester United,manager,Manager,7286,ole_gunnar_solskjaer_26-02-1973,Ole Gunnar Solskjaer,26/02/1973,Norway,2019-03-28,2021-11-21,02 years 07 months 24 days,970,149.0,78,33,38,1.79,transfermarkt_manager_history_page,https://www.transfermarkt.com/manchester-united/mitarbeiterhistorie/verein/985/personalie_id/1/plus/1,2026-04-27T18:42:56.688983+00:00,high,
premier_league,Premier League,manchester_united,Manchester United,manager,Manager,3816,erik_ten_hag_02-02-1970,Erik ten Hag,02/02/1970,Netherlands,2022-07-01,2024-10-28,02 years 03 months 27 days,851,128.0,72,20,36,1.84,transfermarkt_manager_history_page,https://www.transfermarkt.com/manchester-united/mitarbeiterhistorie/verein/985/personalie_id/1/plus/1,2026-04-27T18:42:56.688983+00:00,high,
premier_league,Premier League,manchester_united,Manchester United,manager,Manager,65202,r_ben_amorim_27-01-1985,Rúben Amorim,27/01/1985,Portugal,2024-11-11,2026-01-05,01 year 01 month 25 days,421,63.0,25,15,23,1.43,transfermarkt_manager_history_page,https://www.transfermarkt.com/manchester-united/mitarbeiterhistorie/verein/985/personalie_id/1/plus/1,2026-04-27T18:42:56.688983+00:00,high,
premier_league,Premier League,manchester_united,Manchester United,manager,Manager,65647,michael_carrick_28-07-1981,Michael Carrick,28/07/1981,England,2026-01-13,2026-06-30,05 months 17 days,169,12.0,8,2,2,2.17,transfermarkt_manager_history_page,https://www.transfermarkt.com/manchester-united/mitarbeiterhistorie/verein/985/personalie_id/1/plus/1,2026-04-27T18:42:56.688983+00:00,high,
premier_league,Premier League,tottenham_hotspur,Tottenham Hotspur,manager,Manager,75633,frank_brettell_30-11-1861,Frank Brettell,30/11/1861,England,1898-07-01,1899-06-30,11 months 30 days,365,0.0,0,0,0,,transfermarkt_manager_history_page,https://www.transfermarkt.com/tottenham-hotspur/mitarbeiterhistorie/verein/148/personalie_id/1/plus/1,2026-04-27T18:43:02.173820+00:00,high,
premier_league,Premier League,tottenham_hotspur,Tottenham Hotspur,manager,Manager,75637,fred_kirkham_unknown_dob,Fred Kirkham,,England,1907-04-18,1908-07-27,01 year 03 months 09 days,467,0.0,0,0,0,,transfermarkt_manager_history_page,https://www.transfermarkt.com/tottenham-hotspur/mitarbeiterhistorie/verein/148/personalie_id/1/plus/1,2026-04-27T18:43:02.173820+00:00,high,
premier_league,Premier League,tottenham_hotspur,Tottenham Hotspur,manager,Manager,118240,peter_mcwilliam_21-09-1879,Peter McWilliam,21/09/1879,Scotland,1912-12-21,1927-01-31,14 years 01 month 10 days,5155,87.0,29,25,33,1.29,transfermarkt_manager_history_page,https://www.transfermarkt.com/tottenham-hotspur/mitarbeiterhistorie/verein/148/personalie_id/1/plus/1,2026-04-27T18:43:02.173820+00:00,high,
premier_league,Premier League,tottenham_hotspur,Tottenham Hotspur,manager,Manager,128271,billy_minter_16-04-1888,Billy Minter,16/04/1888,England,1927-02-28,1929-11-20,02 years 08 months 23 days,997,54.0,20,10,24,1.3,transfermarkt_manager_history_page,https://www.transfermarkt.com/tottenham-hotspur/mitarbeiterhistorie/verein/148/personalie_id/1/plus/1,2026-04-27T18:43:02.173820+00:00,high,
premier_league,Premier League,tottenham_hotspur,Tottenham Hotspur,manager,Manager,119774,percy_smith_01-01-1880,Percy Smith,01/01/1880,England,1930-01-04,1935-04-30,05 years 03 months 26 days,1943,87.0,32,19,36,1.32,transfermarkt_manager_history_page,https://www.transfermarkt.com/tottenham-hotspur/mitarbeiterhistorie/verein/148/personalie_id/1/plus/1,2026-04-27T18:43:02.173820+00:00,high,
premier_league,Premier League,tottenham_hotspur,Tottenham Hotspur,manager,Manager,115291,jack_tresadern_26-09-1890,Jack Tresadern,26/09/1890,England,1935-06-01,1938-04-01,02 years 10 months 00 days,1036,12.0,3,5,4,1.17,transfermarkt_manager_history_page,https://www.transfermarkt.com/tottenham-hotspur/mitarbeiterhistorie/verein/148/personalie_id/1/plus/1,2026-04-27T18:43:02.173820+00:00,high,
premier_league,Premier League,tottenham_hotspur,Tottenham Hotspur,manager,Manager,118240,peter_mcwilliam_21-09-1879,Peter McWilliam,21/09/1879,Scotland,1938-07-01,1942-06-30,03 years 11 months 30 days,1461,4.0,3,0,1,2.25,transfermarkt_manager_history_page,https://www.transfermarkt.com/tottenham-hotspur/mitarbeiterhistorie/verein/148/personalie_id/1/plus/1,2026-04-27T18:43:02.173820+00:00,high,
premier_league,Premier League,tottenham_hotspur,Tottenham Hotspur,manager,Manager,115452,joe_hulme_26-08-1904,Joe Hulme,26/08/1904,England,1946-05-01,1949-05-01,03 years 00 days,1097,13.0,3,6,4,1.15,transfermarkt_manager_history_page,https://www.transfermarkt.com/tottenham-hotspur/mitarbeiterhistorie/verein/148/personalie_id/1/plus/1,2026-04-27T18:43:02.173820+00:00,high,
premier_league,Premier League,tottenham_hotspur,Tottenham Hotspur,manager,Manager,75635,arthur_rowe_01-09-1906,Arthur Rowe,01/09/1906,England,1949-05-01,1955-04-18,05 years 11 months 18 days,2179,213.0,94,45,74,1.54,transfermarkt_manager_history_page,https://www.transfermarkt.com/tottenham-hotspur/mitarbeiterhistorie/verein/148/personalie_id/1/plus/1,2026-04-27T18:43:02.173820+00:00,high,
premier_league,Premier League,tottenham_hotspur,Tottenham Hotspur,manager,Manager,75636,jimmy_anderson_unknown_dob,Jimmy Anderson,,England,1955-04-19,1958-10-11,03 years 05 months 22 days,1272,150.0,71,32,47,1.63,transfermarkt_manager_history_page,https://www.transfermarkt.com/tottenham-hotspur/mitarbeiterhistorie/verein/148/personalie_id/1/plus/1,2026-04-27T18:43:02.173820+00:00,high,
premier_league,Premier League,tottenham_hotspur,Tottenham Hotspur,manager,Manager,26064,bill_nicholson_26-01-1919,Bill Nicholson,26/01/1919,England,1958-10-11,1974-06-30,15 years 08 months 19 days,5742,802.0,393,191,218,1.71,transfermarkt_manager_history_page,https://www.transfermarkt.com/tottenham-hotspur/mitarbeiterhistorie/verein/148/personalie_id/1/plus/1,2026-04-27T18:43:02.173820+00:00,high,
premier_league,Premier League,tottenham_hotspur,Tottenham Hotspur,manager,Manager,26698,terry_neill_08-05-1942,Terry Neill,08/05/1942,Northern Ireland,1974-07-01,1976-06-30,01 year 11 months 30 days,731,89.0,29,25,35,1.26,transfermarkt_manager_history_page,https://www.transfermarkt.com/tottenham-hotspur/mitarbeiterhistorie/verein/148/personalie_id/1/plus/1,2026-04-27T18:43:02.173820+00:00,high,
premier_league,Premier League,tottenham_hotspur,Tottenham Hotspur,manager,Manager,22854,keith_burkinshaw_23-06-1935,Keith Burkinshaw,23/06/1935,England,1976-07-14,1984-05-31,07 years 10 months 17 days,2879,378.0,160,98,120,1.53,transfermarkt_manager_history_page,https://www.transfermarkt.com/tottenham-hotspur/mitarbeiterhistorie/verein/148/personalie_id/1/plus/1,2026-04-27T18:43:02.173820+00:00,high,
premier_league,Premier League,tottenham_hotspur,Tottenham Hotspur,manager,Manager,32947,peter_shreeves_30-11-1940,Peter Shreeves,30/11/1940,Wales,1984-06-25,1986-05-13,01 year 10 months 18 days,688,107.0,51,23,33,1.64,transfermarkt_manager_history_page,https://www.transfermarkt.com/tottenham-hotspur/mitarbeiterhistorie/verein/148/personalie_id/1/plus/1,2026-04-27T18:43:02.173820+00:00,high,
premier_league,Premier League,tottenham_hotspur,Tottenham Hotspur,manager,Manager,2147,david_pleat_15-01-1945,David Pleat,15/01/1945,England,1986-05-16,1987-10-01,01 year 04 months 15 days,504,66.0,37,11,18,1.85,transfermarkt_manager_history_page,https://www.transfermarkt.com/tottenham-hotspur/mitarbeiterhistorie/verein/148/personalie_id/1/plus/1,2026-04-27T18:43:02.173820+00:00,high,
premier_league,Premier League,tottenham_hotspur,Tottenham Hotspur,manager,Manager,1899,terry_venables_06-01-1943,Terry Venables,06/01/1943,England,1987-11-28,1991-06-30,03 years 07 months 02 days,1311,164.0,66,46,52,1.49,transfermarkt_manager_history_page,https://www.transfermarkt.com/tottenham-hotspur/mitarbeiterhistorie/verein/148/personalie_id/1/plus/1,2026-04-27T18:43:02.173820+00:00,high,
premier_league,Premier League,tottenham_hotspur,Tottenham Hotspur,manager,Manager,32947,peter_shreeves_30-11-1940,Peter Shreeves,30/11/1940,Wales,1991-07-23,1992-05-15,09 months 22 days,298,59.0,23,12,24,1.37,transfermarkt_manager_history_page,https://www.transfermarkt.com/tottenham-hotspur/mitarbeiterhistorie/verein/148/personalie_id/1/plus/1,2026-04-27T18:43:02.173820+00:00,high,
premier_league,Premier League,tottenham_hotspur,Tottenham Hotspur,manager,Manager,1990,doug_livermore_27-12-1947,Doug Livermore,27/12/1947,England,1992-05-27,1993-06-19,01 year 23 days,389,51.0,23,11,17,1.57,transfermarkt_manager_history_page,https://www.transfermarkt.com/tottenham-hotspur/mitarbeiterhistorie/verein/148/personalie_id/1/plus/1,2026-04-27T18:43:02.173820+00:00,high,
premier_league,Premier League,tottenham_hotspur,Tottenham Hotspur,manager,Manager,5493,osvaldo_ardiles_03-08-1952,Osvaldo Ardiles,03/08/1952,Argentina,1993-06-19,1994-11-01,01 year 04 months 13 days,501,65.0,21,16,28,1.22,transfermarkt_manager_history_page,https://www.transfermarkt.com/tottenham-hotspur/mitarbeiterhistorie/verein/148/personalie_id/1/plus/1,2026-04-27T18:43:02.173820+00:00,high,
premier_league,Premier League,tottenham_hotspur,Tottenham Hotspur,manager,Manager,6115,gerry_francis_06-12-1951,Gerry Francis,06/12/1951,England,1994-11-15,1997-11-19,03 years 04 days,1101,146.0,56,41,49,1.43,transfermarkt_manager_history_page,https://www.transfermarkt.com/tottenham-hotspur/mitarbeiterhistorie/verein/148/personalie_id/1/plus/1,2026-04-27T18:43:02.173820+00:00,high,
premier_league,Premier League,tottenham_hotspur,Tottenham Hotspur,manager,Manager,532,christian_gross_14-08-1954,Christian Gross,14/08/1954,Switzerland,1997-11-24,1998-09-05,09 months 12 days,286,30.0,10,8,12,1.27,transfermarkt_manager_history_page,https://www.transfermarkt.com/tottenham-hotspur/mitarbeiterhistorie/verein/148/personalie_id/1/plus/1,2026-04-27T18:43:02.173820+00:00,high,
premier_league,Premier League,tottenham_hotspur,Tottenham Hotspur,manager,Manager,2636,george_graham_30-11-1944,George Graham,30/11/1944,Scotland,1998-10-01,2001-03-16,02 years 05 months 13 days,898,124.0,49,34,41,1.46,transfermarkt_manager_history_page,https://www.transfermarkt.com/tottenham-hotspur/mitarbeiterhistorie/verein/148/personalie_id/1/plus/1,2026-04-27T18:43:02.173820+00:00,high,
premier_league,Premier League,tottenham_hotspur,Tottenham Hotspur,manager,Manager,459,glenn_hoddle_27-10-1957,Glenn Hoddle,27/10/1957,England,2001-04-02,2003-09-20,02 years 05 months 18 days,902,102.0,40,18,44,1.35,transfermarkt_manager_history_page,https://www.transfermarkt.com/tottenham-hotspur/mitarbeiterhistorie/verein/148/personalie_id/1/plus/1,2026-04-27T18:43:02.173820+00:00,high,
premier_league,Premier League,tottenham_hotspur,Tottenham Hotspur,manager,Manager,1647,jacques_santini_25-04-1952,Jacques Santini,25/04/1952,France | Italy,2004-08-01,2004-11-06,03 months 05 days,98,13.0,5,4,4,1.46,transfermarkt_manager_history_page,https://www.transfermarkt.com/tottenham-hotspur/mitarbeiterhistorie/verein/148/personalie_id/1/plus/1,2026-04-27T18:43:02.173820+00:00,high,
premier_league,Premier League,tottenham_hotspur,Tottenham Hotspur,manager,Manager,500,martin_jol_16-01-1956,Martin Jol,16/01/1956,Netherlands,2004-11-08,2007-10-25,02 years 11 months 17 days,1082,147.0,67,37,43,1.62,transfermarkt_manager_history_page,https://www.transfermarkt.com/tottenham-hotspur/mitarbeiterhistorie/verein/148/personalie_id/1/plus/1,2026-04-27T18:43:02.173820+00:00,high,
premier_league,Premier League,tottenham_hotspur,Tottenham Hotspur,manager,Manager,2317,juande_ramos_25-09-1954,Juande Ramos,25/09/1954,Spain,2007-10-26,2008-10-27,01 year 01 day,368,54.0,19,16,19,1.35,transfermarkt_manager_history_page,https://www.transfermarkt.com/tottenham-hotspur/mitarbeiterhistorie/verein/148/personalie_id/1/plus/1,2026-04-27T18:43:02.173820+00:00,high,
premier_league,Premier League,tottenham_hotspur,Tottenham Hotspur,manager,Manager,448,harry_redknapp_02-03-1947,Harry Redknapp,02/03/1947,England,2008-10-26,2012-06-14,03 years 07 months 19 days,1328,198.0,98,48,52,1.73,transfermarkt_manager_history_page,https://www.transfermarkt.com/tottenham-hotspur/mitarbeiterhistorie/verein/148/personalie_id/1/plus/1,2026-04-27T18:43:02.173820+00:00,high,
premier_league,Premier League,tottenham_hotspur,Tottenham Hotspur,manager,Manager,1696,andr_villas_boas_17-10-1977,André Villas-Boas,17/10/1977,Portugal,2012-07-03,2013-12-16,01 year 05 months 13 days,532,80.0,45,18,17,1.91,transfermarkt_manager_history_page,https://www.transfermarkt.com/tottenham-hotspur/mitarbeiterhistorie/verein/148/personalie_id/1/plus/1,2026-04-27T18:43:02.173820+00:00,high,
premier_league,Premier League,tottenham_hotspur,Tottenham Hotspur,manager,Manager,8259,tim_sherwood_06-02-1969,Tim Sherwood,06/02/1969,England,2013-12-23,2014-05-13,04 months 20 days,142,26.0,13,4,9,1.65,transfermarkt_manager_history_page,https://www.transfermarkt.com/tottenham-hotspur/mitarbeiterhistorie/verein/148/personalie_id/1/plus/1,2026-04-27T18:43:02.173820+00:00,high,
premier_league,Premier League,tottenham_hotspur,Tottenham Hotspur,manager,Manager,9044,mauricio_pochettino_02-03-1972,Mauricio Pochettino,02/03/1972,Argentina | Spain,2014-07-01,2019-11-19,05 years 04 months 19 days,1968,293.0,160,60,73,1.84,transfermarkt_manager_history_page,https://www.transfermarkt.com/tottenham-hotspur/mitarbeiterhistorie/verein/148/personalie_id/1/plus/1,2026-04-27T18:43:02.173820+00:00,high,
premier_league,Premier League,tottenham_hotspur,Tottenham Hotspur,manager,Manager,781,jos_mourinho_26-01-1963,José Mourinho,26/01/1963,Portugal,2019-11-20,2021-04-19,01 year 04 months 30 days,517,86.0,45,17,24,1.77,transfermarkt_manager_history_page,https://www.transfermarkt.com/tottenham-hotspur/mitarbeiterhistorie/verein/148/personalie_id/1/plus/1,2026-04-27T18:43:02.173820+00:00,high,
premier_league,Premier League,tottenham_hotspur,Tottenham Hotspur,manager,Manager,16520,nuno_esp_rito_santo_25-01-1974,Nuno Espírito Santo,25/01/1974,Portugal | Sao Tome and Principe,2021-07-01,2021-11-01,04 months 01 day,124,17.0,9,1,7,1.65,transfermarkt_manager_history_page,https://www.transfermarkt.com/tottenham-hotspur/mitarbeiterhistorie/verein/148/personalie_id/1/plus/1,2026-04-27T18:43:02.173820+00:00,high,
premier_league,Premier League,tottenham_hotspur,Tottenham Hotspur,manager,Manager,3517,antonio_conte_31-07-1969,Antonio Conte,31/07/1969,Italy,2021-11-02,2023-03-26,01 year 04 months 24 days,510,76.0,41,12,23,1.78,transfermarkt_manager_history_page,https://www.transfermarkt.com/tottenham-hotspur/mitarbeiterhistorie/verein/148/personalie_id/1/plus/1,2026-04-27T18:43:02.173820+00:00,high,
premier_league,Premier League,tottenham_hotspur,Tottenham Hotspur,manager,Manager,11929,ange_postecoglou_27-08-1965,Ange Postecoglou,27/08/1965,Australia | Greece,2023-07-01,2025-06-06,01 year 11 months 06 days,707,101.0,47,14,40,1.53,transfermarkt_manager_history_page,https://www.transfermarkt.com/tottenham-hotspur/mitarbeiterhistorie/verein/148/personalie_id/1/plus/1,2026-04-27T18:43:02.173820+00:00,high,
premier_league,Premier League,tottenham_hotspur,Tottenham Hotspur,manager,Manager,9002,thomas_frank_09-10-1973,Thomas Frank,09/10/1973,Denmark,2025-07-01,2026-02-11,07 months 11 days,226,38.0,13,10,15,1.29,transfermarkt_manager_history_page,https://www.transfermarkt.com/tottenham-hotspur/mitarbeiterhistorie/verein/148/personalie_id/1/plus/1,2026-04-27T18:43:02.173820+00:00,high,
premier_league,Premier League,tottenham_hotspur,Tottenham Hotspur,manager,Manager,28632,igor_tudor_16-04-1978,Igor Tudor,16/04/1978,Croatia,2026-02-14,2026-03-29,01 month 15 days,44,7.0,1,1,5,0.57,transfermarkt_manager_history_page,https://www.transfermarkt.com/tottenham-hotspur/mitarbeiterhistorie/verein/148/personalie_id/1/plus/1,2026-04-27T18:43:02.173820+00:00,high,
premier_league,Premier League,tottenham_hotspur,Tottenham Hotspur,manager,Manager,32157,roberto_de_zerbi_06-06-1979,Roberto De Zerbi,06/06/1979,Italy,2026-03-31,,27 days,28,3.0,1,1,1,1.33,transfermarkt_manager_history_page,https://www.transfermarkt.com/tottenham-hotspur/mitarbeiterhistorie/verein/148/personalie_id/1/plus/1,2026-04-27T18:43:02.173820+00:00,high,Manager spell appears ongoing on the collection date.
