transfer_id,player_id,player_name,season,window,date,buying_club_id,buying_club_name,selling_club_id,selling_club_name,fee_eur,fee_type,transfer_type,position,age,source_name,source_endpoint,collected_at_utc,confidence_level,notes
5822476,111455,Granit Xhaka,2025/26,,2025-07-30,289,Sunderland,15,Leverkusen,15000000.0,,,,,transfermarkt_api,http://localhost:8000/players/111455/transfers,2026-04-27T17:12:07.499428+00:00,medium,
4483523,111455,Granit Xhaka,2023/24,,2023-06-07,15,Leverkusen,11,Arsenal,15000000.0,,,,,transfermarkt_api,http://localhost:8000/players/111455/transfers,2026-04-27T17:12:07.499428+00:00,medium,
1489516,111455,Granit Xhaka,2016/17,,2016-01-07,11,Arsenal,18,Mönchengladbach,45000000.0,,,,,transfermarkt_api,http://localhost:8000/players/111455/transfers,2026-04-27T17:12:07.499428+00:00,medium,
718530,111455,Granit Xhaka,2012/13,,2012-01-07,18,Mönchengladbach,26,Basel,8500000.0,,,,,transfermarkt_api,http://localhost:8000/players/111455/transfers,2026-04-27T17:12:07.499428+00:00,medium,
432932,111455,Granit Xhaka,2010/11,,2010-01-07,26,Basel,5299,FC Basel U21,,,,,,transfermarkt_api,http://localhost:8000/players/111455/transfers,2026-04-27T17:12:07.499428+00:00,medium,
354026,111455,Granit Xhaka,2008/09,,2008-01-07,5299,FC Basel U21,14322,FC Basel U18,,,,,,transfermarkt_api,http://localhost:8000/players/111455/transfers,2026-04-27T17:12:07.499428+00:00,medium,
773441,111455,Granit Xhaka,2007/08,,2007-01-07,14322,FC Basel U18,32336,FC Basel U16,,,,,,transfermarkt_api,http://localhost:8000/players/111455/transfers,2026-04-27T17:12:07.499428+00:00,medium,
2144580,111455,Granit Xhaka,2006/07,,2006-01-07,32336,FC Basel U16,42366,FC Basel Yth.,,,,,,transfermarkt_api,http://localhost:8000/players/111455/transfers,2026-04-27T17:12:07.499428+00:00,medium,
2144579,111455,Granit Xhaka,2005/06,,2005-01-07,42366,FC Basel Yth.,42366,FC Basel Yth.,,,,,,transfermarkt_api,http://localhost:8000/players/111455/transfers,2026-04-27T17:12:07.499428+00:00,medium,
2144578,111455,Granit Xhaka,2002/03,,2003-01-01,42366,FC Basel Yth.,43575,Concordia Yth.,,,,,,transfermarkt_api,http://localhost:8000/players/111455/transfers,2026-04-27T17:12:07.499428+00:00,medium,
3063096,111873,Emiliano Martínez,2020/21,,2020-09-16,405,Aston Villa,11,Arsenal,17400000.0,,,,,transfermarkt_api,http://localhost:8000/players/111873/transfers,2026-04-27T17:11:31.834410+00:00,medium,
2379298,111873,Emiliano Martínez,2018/19,,2019-05-31,11,Arsenal,1032,Reading,,,,,,transfermarkt_api,http://localhost:8000/players/111873/transfers,2026-04-27T17:11:31.834410+00:00,medium,
2379297,111873,Emiliano Martínez,2018/19,,2019-01-23,1032,Reading,11,Arsenal,,,,,,transfermarkt_api,http://localhost:8000/players/111873/transfers,2026-04-27T17:11:31.834410+00:00,medium,
1864776,111873,Emiliano Martínez,2017/18,,2018-06-30,11,Arsenal,3709,Getafe,,,,,,transfermarkt_api,http://localhost:8000/players/111873/transfers,2026-04-27T17:11:31.834410+00:00,medium,
1864775,111873,Emiliano Martínez,2017/18,,2017-02-08,3709,Getafe,11,Arsenal,,,,,,transfermarkt_api,http://localhost:8000/players/111873/transfers,2026-04-27T17:11:31.834410+00:00,medium,
1316294,111873,Emiliano Martínez,2015/16,,2016-05-31,11,Arsenal,543,Wolves,,,,,,transfermarkt_api,http://localhost:8000/players/111873/transfers,2026-04-27T17:11:31.834410+00:00,medium,
1316293,111873,Emiliano Martínez,2015/16,,2015-11-08,543,Wolves,11,Arsenal,,,,,,transfermarkt_api,http://localhost:8000/players/111873/transfers,2026-04-27T17:11:31.834410+00:00,medium,
1216232,111873,Emiliano Martínez,2014/15,,2015-04-05,11,Arsenal,1194,Rotherham,,,,,,transfermarkt_api,http://localhost:8000/players/111873/transfers,2026-04-27T17:11:31.834410+00:00,medium,
1216231,111873,Emiliano Martínez,2014/15,,2015-03-20,1194,Rotherham,11,Arsenal,,,,,,transfermarkt_api,http://localhost:8000/players/111873/transfers,2026-04-27T17:11:31.834410+00:00,medium,
964570,111873,Emiliano Martínez,2013/14,,2014-05-31,11,Arsenal,1035,Sheff Wed,,,,,,transfermarkt_api,http://localhost:8000/players/111873/transfers,2026-04-27T17:11:31.834410+00:00,medium,
964569,111873,Emiliano Martínez,2013/14,,2013-10-15,1035,Sheff Wed,11,Arsenal,,,,,,transfermarkt_api,http://localhost:8000/players/111873/transfers,2026-04-27T17:11:31.834410+00:00,medium,
611487,111873,Emiliano Martínez,2012/13,,2012-01-07,11,Arsenal,9249,Arsenal U21,,,,,,transfermarkt_api,http://localhost:8000/players/111873/transfers,2026-04-27T17:11:31.834410+00:00,medium,
714600,111873,Emiliano Martínez,2011/12,,2012-07-05,9249,Arsenal Res.,988,Oxford United,,,,,,transfermarkt_api,http://localhost:8000/players/111873/transfers,2026-04-27T17:11:31.834410+00:00,medium,
714599,111873,Emiliano Martínez,2011/12,,2012-04-05,988,Oxford United,9249,Arsenal Res.,,,,,,transfermarkt_api,http://localhost:8000/players/111873/transfers,2026-04-27T17:11:31.834410+00:00,medium,
484686,111873,Emiliano Martínez,2010/11,,2010-01-07,9249,Arsenal Res.,15102,Indep'te U20,1500000.0,,,,,transfermarkt_api,http://localhost:8000/players/111873/transfers,2026-04-27T17:11:31.834410+00:00,medium,
5488998,112988,Cédric Soares,2024/25,,2025-01-29,585,São Paulo,515,Without Club,,,,,,transfermarkt_api,http://localhost:8000/players/112988/transfers,2026-04-27T17:12:04.562222+00:00,medium,
5021458,112988,Cédric Soares,2024/25,,2024-01-07,515,Without Club,11,Arsenal,,,,,,transfermarkt_api,http://localhost:8000/players/112988/transfers,2026-04-27T17:12:04.562222+00:00,medium,
4254269,112988,Cédric Soares,2022/23,,2023-06-30,11,Arsenal,931,Fulham,,,,,,transfermarkt_api,http://localhost:8000/players/112988/transfers,2026-04-27T17:12:04.562222+00:00,medium,
4254258,112988,Cédric Soares,2022/23,,2023-01-31,931,Fulham,11,Arsenal,,,,,,transfermarkt_api,http://localhost:8000/players/112988/transfers,2026-04-27T17:12:04.562222+00:00,medium,
2942228,112988,Cédric Soares,2020/21,,2020-01-07,11,Arsenal,180,Southampton,,,,,,transfermarkt_api,http://localhost:8000/players/112988/transfers,2026-04-27T17:12:04.562222+00:00,medium,
2780161,112988,Cédric Soares,2019/20,,2020-06-30,180,Southampton,11,Arsenal,,,,,,transfermarkt_api,http://localhost:8000/players/112988/transfers,2026-04-27T17:12:04.562222+00:00,medium,
2780160,112988,Cédric Soares,2019/20,,2020-01-31,11,Arsenal,180,Southampton,,,,,,transfermarkt_api,http://localhost:8000/players/112988/transfers,2026-04-27T17:12:04.562222+00:00,medium,
2383043,112988,Cédric Soares,2018/19,,2019-06-30,180,Southampton,46,Inter,,,,,,transfermarkt_api,http://localhost:8000/players/112988/transfers,2026-04-27T17:12:04.562222+00:00,medium,
2383042,112988,Cédric Soares,2018/19,,2019-01-26,46,Inter,180,Southampton,500000.0,,,,,transfermarkt_api,http://localhost:8000/players/112988/transfers,2026-04-27T17:12:04.562222+00:00,medium,
1263058,112988,Cédric Soares,2015/16,,2015-01-07,180,Southampton,336,Sporting,7000000.0,,,,,transfermarkt_api,http://localhost:8000/players/112988/transfers,2026-04-27T17:12:04.562222+00:00,medium,
591495,112988,Cédric Soares,2011/12,,2012-06-30,336,Sporting,2990,Coimbra,,,,,,transfermarkt_api,http://localhost:8000/players/112988/transfers,2026-04-27T17:12:04.562222+00:00,medium,
586035,112988,Cédric Soares,2011/12,,2011-01-07,2990,Coimbra,336,Sporting,,,,,,transfermarkt_api,http://localhost:8000/players/112988/transfers,2026-04-27T17:12:04.562222+00:00,medium,
460321,112988,Cédric Soares,2010/11,,2010-01-08,336,Sporting,10283,Sporting U19,,,,,,transfermarkt_api,http://localhost:8000/players/112988/transfers,2026-04-27T17:12:04.562222+00:00,medium,
1514256,112988,Cédric Soares,2008/09,,2008-01-07,10283,Sporting U19,48365,Sporting U17,,,,,,transfermarkt_api,http://localhost:8000/players/112988/transfers,2026-04-27T17:12:04.562222+00:00,medium,
1723955,112988,Cédric Soares,2006/07,,2006-01-07,48365,Sporting U17,53956,Sporting Sub-15,,,,,,transfermarkt_api,http://localhost:8000/players/112988/transfers,2026-04-27T17:12:04.562222+00:00,medium,
1723956,112988,Cédric Soares,2004/05,,2004-01-07,53956,Sporting Sub-15,53957,Sporting Yth.,,,,,,transfermarkt_api,http://localhost:8000/players/112988/transfers,2026-04-27T17:12:04.562222+00:00,medium,
5896751,128969,Mathew Ryan,2025/26,,2025-08-26,3368,Levante,826,Lens,,,,,,transfermarkt_api,http://localhost:8000/players/128969/transfers,2026-04-27T17:11:34.727362+00:00,medium,
5470451,128969,Mathew Ryan,2024/25,,2025-01-21,826,Lens,12,Roma,750000.0,,,,,transfermarkt_api,http://localhost:8000/players/128969/transfers,2026-04-27T17:11:34.727362+00:00,medium,
5127435,128969,Mathew Ryan,2024/25,,2024-07-17,12,Roma,1090,AZ Alkmaar,,,,,,transfermarkt_api,http://localhost:8000/players/128969/transfers,2026-04-27T17:11:34.727362+00:00,medium,
4213611,128969,Mathew Ryan,2022/23,,2023-09-01,1090,AZ Alkmaar,190,Copenhagen,500000.0,,,,,transfermarkt_api,http://localhost:8000/players/128969/transfers,2026-04-27T17:11:34.727362+00:00,medium,
4001730,128969,Mathew Ryan,2022/23,,2022-09-08,190,Copenhagen,681,Real Sociedad,500000.0,,,,,transfermarkt_api,http://localhost:8000/players/128969/transfers,2026-04-27T17:11:34.727362+00:00,medium,
3640975,128969,Mathew Ryan,2021/22,,2021-12-07,681,Real Sociedad,1237,Brighton,,,,,,transfermarkt_api,http://localhost:8000/players/128969/transfers,2026-04-27T17:11:34.727362+00:00,medium,
3215857,128969,Mathew Ryan,2020/21,,2021-06-30,1237,Brighton,11,Arsenal,,,,,,transfermarkt_api,http://localhost:8000/players/128969/transfers,2026-04-27T17:11:34.727362+00:00,medium,
3215856,128969,Mathew Ryan,2020/21,,2021-01-22,11,Arsenal,1237,Brighton,,,,,,transfermarkt_api,http://localhost:8000/players/128969/transfers,2026-04-27T17:11:34.727362+00:00,medium,
1795204,128969,Mathew Ryan,2017/18,,2017-01-07,1237,Brighton,1049,Valencia,6000000.0,,,,,transfermarkt_api,http://localhost:8000/players/128969/transfers,2026-04-27T17:11:34.727362+00:00,medium,
1689588,128969,Mathew Ryan,2016/17,,2017-06-30,1049,Valencia,1184,Genk,,,,,,transfermarkt_api,http://localhost:8000/players/128969/transfers,2026-04-27T17:11:34.727362+00:00,medium,
1689587,128969,Mathew Ryan,2016/17,,2017-01-30,1184,Genk,1049,Valencia,,,,,,transfermarkt_api,http://localhost:8000/players/128969/transfers,2026-04-27T17:11:34.727362+00:00,medium,
1293836,128969,Mathew Ryan,2015/16,,2015-07-21,1049,Valencia,2282,Club Brugge,7000000.0,,,,,transfermarkt_api,http://localhost:8000/players/128969/transfers,2026-04-27T17:11:34.727362+00:00,medium,
878054,128969,Mathew Ryan,2013/14,,2013-01-07,2282,Club Brugge,6954,Central Coast,125000.0,,,,,transfermarkt_api,http://localhost:8000/players/128969/transfers,2026-04-27T17:11:34.727362+00:00,medium,
439510,128969,Mathew Ryan,2009/10,,2010-06-30,6954,Central Coast,11375,Blacktown City,,,,,,transfermarkt_api,http://localhost:8000/players/128969/transfers,2026-04-27T17:11:34.727362+00:00,medium,
434269,128969,Mathew Ryan,2009/10,,2010-01-03,11375,Blacktown City,6954,Central Coast,,,,,,transfermarkt_api,http://localhost:8000/players/128969/transfers,2026-04-27T17:11:34.727362+00:00,medium,
3640976,128969,Mathew Ryan,2008/09,,2009-01-04,6954,Central Coast,11375,Blacktown City,,,,,,transfermarkt_api,http://localhost:8000/players/128969/transfers,2026-04-27T17:11:34.727362+00:00,medium,
5018447,160438,Mohamed Elneny,2024/25,,2024-07-30,2524,Al-Jazira,11,Arsenal,,,,,,transfermarkt_api,http://localhost:8000/players/160438/transfers,2026-04-27T17:12:09.058323+00:00,medium,
2628871,160438,Mohamed Elneny,2019/20,,2020-03-08,11,Arsenal,114,Besiktas,,,,,,transfermarkt_api,http://localhost:8000/players/160438/transfers,2026-04-27T17:12:09.058323+00:00,medium,
2628870,160438,Mohamed Elneny,2019/20,,2019-02-09,114,Besiktas,11,Arsenal,,,,,,transfermarkt_api,http://localhost:8000/players/160438/transfers,2026-04-27T17:12:09.058323+00:00,medium,
1405941,160438,Mohamed Elneny,2015/16,,2016-01-14,11,Arsenal,26,Basel,12500000.0,,,,,transfermarkt_api,http://localhost:8000/players/160438/transfers,2026-04-27T17:12:09.058323+00:00,medium,
867273,160438,Mohamed Elneny,2013/14,,2013-01-07,26,Basel,3369,El Mokawloon,640000.0,,,,,transfermarkt_api,http://localhost:8000/players/160438/transfers,2026-04-27T17:12:09.058323+00:00,medium,
830318,160438,Mohamed Elneny,2012/13,,2013-06-30,3369,El Mokawloon,26,Basel,,,,,,transfermarkt_api,http://localhost:8000/players/160438/transfers,2026-04-27T17:12:09.058323+00:00,medium,
830281,160438,Mohamed Elneny,2012/13,,2013-01-29,26,Basel,3369,El Mokawloon,,,,,,transfermarkt_api,http://localhost:8000/players/160438/transfers,2026-04-27T17:12:09.058323+00:00,medium,
605662,160438,Mohamed Elneny,2010/11,,2010-01-07,3369,El Mokawloon,42123,Mokawloon U23,,,,,,transfermarkt_api,http://localhost:8000/players/160438/transfers,2026-04-27T17:12:09.058323+00:00,medium,
1390336,160438,Mohamed Elneny,2008/09,,2008-01-07,42123,Mokawloon U23,15897,Al Ahly U19,,,,,,transfermarkt_api,http://localhost:8000/players/160438/transfers,2026-04-27T17:12:09.058323+00:00,medium,
4513243,191217,Héctor Bellerín,2023/24,,2023-07-18,150,Real Betis,336,Sporting,,,,,,transfermarkt_api,http://localhost:8000/players/191217/transfers,2026-04-27T17:12:01.590530+00:00,medium,
4253770,191217,Héctor Bellerín,2022/23,,2023-01-31,336,Sporting,131,Barcelona,1000000.0,,,,,transfermarkt_api,http://localhost:8000/players/191217/transfers,2026-04-27T17:12:01.590530+00:00,medium,
4052323,191217,Héctor Bellerín,2022/23,,2022-01-09,131,Barcelona,11,Arsenal,,,,,,transfermarkt_api,http://localhost:8000/players/191217/transfers,2026-04-27T17:12:01.590530+00:00,medium,
3531001,191217,Héctor Bellerín,2021/22,,2022-06-30,11,Arsenal,150,Real Betis,,,,,,transfermarkt_api,http://localhost:8000/players/191217/transfers,2026-04-27T17:12:01.590530+00:00,medium,
3531000,191217,Héctor Bellerín,2021/22,,2021-08-31,150,Real Betis,11,Arsenal,,,,,,transfermarkt_api,http://localhost:8000/players/191217/transfers,2026-04-27T17:12:01.590530+00:00,medium,
1402760,191217,Héctor Bellerín,2014/15,,2014-01-07,11,Arsenal,9249,Arsenal U21,,,,,,transfermarkt_api,http://localhost:8000/players/191217/transfers,2026-04-27T17:12:01.590530+00:00,medium,
977659,191217,Héctor Bellerín,2013/14,,2014-02-18,9249,Arsenal U21,1010,Watford,,,,,,transfermarkt_api,http://localhost:8000/players/191217/transfers,2026-04-27T17:12:01.590530+00:00,medium,
977658,191217,Héctor Bellerín,2013/14,,2013-11-22,1010,Watford,9249,Arsenal U21,,,,,,transfermarkt_api,http://localhost:8000/players/191217/transfers,2026-04-27T17:12:01.590530+00:00,medium,
742375,191217,Héctor Bellerín,2012/13,,2012-01-07,9249,Arsenal U21,5679,Arsenal U18,,,,,,transfermarkt_api,http://localhost:8000/players/191217/transfers,2026-04-27T17:12:01.590530+00:00,medium,
610795,191217,Héctor Bellerín,2011/12,,2011-01-07,5679,Arsenal U18,14321,Barça U16,500000.0,,,,,transfermarkt_api,http://localhost:8000/players/191217/transfers,2026-04-27T17:12:01.590530+00:00,medium,
4050997,191217,Héctor Bellerín,2010/11,,2010-01-07,14321,Barça U16,70295,Barça Youth,,,,,,transfermarkt_api,http://localhost:8000/players/191217/transfers,2026-04-27T17:12:01.590530+00:00,medium,
4864352,205657,Rúnar Alex Rúnarsson,2023/24,,2024-01-02,190,Copenhagen,11,Arsenal,,,,,,transfermarkt_api,http://localhost:8000/players/205657/transfers,2026-04-27T17:11:36.255638+00:00,medium,
4592256,205657,Rúnar Alex Rúnarsson,2023/24,,2024-01-31,11,Arsenal,603,Cardiff,,,,,,transfermarkt_api,http://localhost:8000/players/205657/transfers,2026-04-27T17:11:36.255638+00:00,medium,
4592255,205657,Rúnar Alex Rúnarsson,2023/24,,2023-08-18,603,Cardiff,11,Arsenal,,,,,,transfermarkt_api,http://localhost:8000/players/205657/transfers,2026-04-27T17:11:36.255638+00:00,medium,
4016720,205657,Rúnar Alex Rúnarsson,2022/23,,2023-06-30,11,Arsenal,11282,Alanyaspor,,,,,,transfermarkt_api,http://localhost:8000/players/205657/transfers,2026-04-27T17:11:36.255638+00:00,medium,
4016719,205657,Rúnar Alex Rúnarsson,2022/23,,2022-08-15,11282,Alanyaspor,11,Arsenal,,,,,,transfermarkt_api,http://localhost:8000/players/205657/transfers,2026-04-27T17:11:36.255638+00:00,medium,
3530678,205657,Rúnar Alex Rúnarsson,2021/22,,2022-06-30,11,Arsenal,2727,OH Leuven,,,,,,transfermarkt_api,http://localhost:8000/players/205657/transfers,2026-04-27T17:11:36.255638+00:00,medium,
3530677,205657,Rúnar Alex Rúnarsson,2021/22,,2021-08-31,2727,OH Leuven,11,Arsenal,,,,,,transfermarkt_api,http://localhost:8000/players/205657/transfers,2026-04-27T17:11:36.255638+00:00,medium,
3071550,205657,Rúnar Alex Rúnarsson,2020/21,,2020-09-21,11,Arsenal,2969,Dijon,2000000.0,,,,,transfermarkt_api,http://localhost:8000/players/205657/transfers,2026-04-27T17:11:36.255638+00:00,medium,
2137286,205657,Rúnar Alex Rúnarsson,2018/19,,2018-01-07,2969,Dijon,2778,Nordsjaelland,1600000.0,,,,,transfermarkt_api,http://localhost:8000/players/205657/transfers,2026-04-27T17:11:36.255638+00:00,medium,
1008209,205657,Rúnar Alex Rúnarsson,2013/14,,2014-01-30,2778,Nordsjaelland,3237,KR Reykjavík,,,,,,transfermarkt_api,http://localhost:8000/players/205657/transfers,2026-04-27T17:11:36.255638+00:00,medium,
693481,205657,Rúnar Alex Rúnarsson,2013/14,,2013-12-14,3237,KR Reykjavík,23651,KR U19,,,,,,transfermarkt_api,http://localhost:8000/players/205657/transfers,2026-04-27T17:11:36.255638+00:00,medium,
6123540,205757,Dejan Iliev,2025/26,,2026-01-16,455,FC Rapid 1923,952,UTA Arad,60000.0,,,,,transfermarkt_api,http://localhost:8000/players/205757/transfers,2026-04-27T17:11:40.678971+00:00,medium,
5063613,205757,Dejan Iliev,2024/25,,2024-01-07,952,UTA Arad,282,FK Sarajevo,,,,,,transfermarkt_api,http://localhost:8000/players/205757/transfers,2026-04-27T17:11:40.678971+00:00,medium,
4763031,205757,Dejan Iliev,2023/24,,2024-07-02,282,FK Sarajevo,1008,HJK Helsinki,,,,,,transfermarkt_api,http://localhost:8000/players/205757/transfers,2026-04-27T17:11:40.678971+00:00,medium,
4266503,205757,Dejan Iliev,2022/23,,2023-08-02,1008,HJK Helsinki,515,Without Club,,,,,,transfermarkt_api,http://localhost:8000/players/205757/transfers,2026-04-27T17:11:40.678971+00:00,medium,
4114483,205757,Dejan Iliev,2022/23,,2022-10-17,515,Without Club,7918,AS Trencin,,,,,,transfermarkt_api,http://localhost:8000/players/205757/transfers,2026-04-27T17:11:40.678971+00:00,medium,
3698582,205757,Dejan Iliev,2021/22,,2022-02-02,7918,AS Trencin,11,Arsenal,,,,,,transfermarkt_api,http://localhost:8000/players/205757/transfers,2026-04-27T17:11:40.678971+00:00,medium,
3462052,205757,Dejan Iliev,2021/22,,2021-12-31,11,Arsenal,31297,SKF Sered,,,,,,transfermarkt_api,http://localhost:8000/players/205757/transfers,2026-04-27T17:11:40.678971+00:00,medium,
3462051,205757,Dejan Iliev,2021/22,,2021-07-26,31297,SKF Sered,11,Arsenal,,,,,,transfermarkt_api,http://localhost:8000/players/205757/transfers,2026-04-27T17:11:40.678971+00:00,medium,
3094613,205757,Dejan Iliev,2020/21,,2021-01-31,11,Arsenal,3054,Shrewsbury,,,,,,transfermarkt_api,http://localhost:8000/players/205757/transfers,2026-04-27T17:11:40.678971+00:00,medium,
3094612,205757,Dejan Iliev,2020/21,,2020-08-10,3054,Shrewsbury,11,Arsenal,,,,,,transfermarkt_api,http://localhost:8000/players/205757/transfers,2026-04-27T17:11:40.678971+00:00,medium,
2758247,205757,Dejan Iliev,2019/20,,2020-07-31,11,Arsenal,2300,Jagiellonia,,,,,,transfermarkt_api,http://localhost:8000/players/205757/transfers,2026-04-27T17:11:40.678971+00:00,medium,
2758241,205757,Dejan Iliev,2019/20,,2020-01-14,2300,Jagiellonia,11,Arsenal,,,,,,transfermarkt_api,http://localhost:8000/players/205757/transfers,2026-04-27T17:11:40.678971+00:00,medium,
2554122,205757,Dejan Iliev,2019/20,,2019-12-31,11,Arsenal,31297,SKF Sered,,,,,,transfermarkt_api,http://localhost:8000/players/205757/transfers,2026-04-27T17:11:40.678971+00:00,medium,
2554121,205757,Dejan Iliev,2019/20,,2019-07-13,31297,SKF Sered,11,Arsenal,,,,,,transfermarkt_api,http://localhost:8000/players/205757/transfers,2026-04-27T17:11:40.678971+00:00,medium,
2501877,205757,Dejan Iliev,2018/19,,2018-01-07,11,Arsenal,9249,Arsenal U23,,,,,,transfermarkt_api,http://localhost:8000/players/205757/transfers,2026-04-27T17:11:40.678971+00:00,medium,
956194,205757,Dejan Iliev,2013/14,,2013-01-07,9249,Arsenal U21,5679,Arsenal U18,,,,,,transfermarkt_api,http://localhost:8000/players/205757/transfers,2026-04-27T17:11:40.678971+00:00,medium,
778346,205757,Dejan Iliev,2012/13,,2012-08-30,5679,Arsenal U18,35246,Belasica,,,,,,transfermarkt_api,http://localhost:8000/players/205757/transfers,2026-04-27T17:11:40.678971+00:00,medium,
6112562,210178,Pablo Marí,2025/26,,2026-11-01,1114,Al-Hilal,430,Fiorentina,2000000.0,,,,,transfermarkt_api,http://localhost:8000/players/210178/transfers,2026-04-27T17:11:52.704082+00:00,medium,
5486288,210178,Pablo Marí,2024/25,,2025-01-28,430,Fiorentina,2919,Monza,2700000.0,,,,,transfermarkt_api,http://localhost:8000/players/210178/transfers,2026-04-27T17:11:52.704082+00:00,medium,
4383864,210178,Pablo Marí,2023/24,,2023-01-07,2919,Monza,11,Arsenal,6200000.0,,,,,transfermarkt_api,http://localhost:8000/players/210178/transfers,2026-04-27T17:11:52.704082+00:00,medium,
4006662,210178,Pablo Marí,2022/23,,2023-06-30,11,Arsenal,2919,Monza,,,,,,transfermarkt_api,http://localhost:8000/players/210178/transfers,2026-04-27T17:11:52.704082+00:00,medium,
4006661,210178,Pablo Marí,2022/23,,2022-11-08,2919,Monza,11,Arsenal,,,,,,transfermarkt_api,http://localhost:8000/players/210178/transfers,2026-04-27T17:11:52.704082+00:00,medium,
3704056,210178,Pablo Marí,2021/22,,2022-06-30,11,Arsenal,410,Udinese,,,,,,transfermarkt_api,http://localhost:8000/players/210178/transfers,2026-04-27T17:11:52.704082+00:00,medium,
3704055,210178,Pablo Marí,2021/22,,2022-01-20,410,Udinese,11,Arsenal,,,,,,transfermarkt_api,http://localhost:8000/players/210178/transfers,2026-04-27T17:11:52.704082+00:00,medium,
2942227,210178,Pablo Marí,2020/21,,2020-01-07,11,Arsenal,614,Flamengo,6000000.0,,,,,transfermarkt_api,http://localhost:8000/players/210178/transfers,2026-04-27T17:11:52.704082+00:00,medium,
2777580,210178,Pablo Marí,2019/20,,2020-06-30,614,Flamengo,11,Arsenal,,,,,,transfermarkt_api,http://localhost:8000/players/210178/transfers,2026-04-27T17:11:52.704082+00:00,medium,
2777579,210178,Pablo Marí,2019/20,,2020-01-29,11,Arsenal,614,Flamengo,8000000.0,,,,,transfermarkt_api,http://localhost:8000/players/210178/transfers,2026-04-27T17:11:52.704082+00:00,medium,
2550242,210178,Pablo Marí,2019/20,,2019-11-07,614,Flamengo,281,Man City,1700000.0,,,,,transfermarkt_api,http://localhost:8000/players/210178/transfers,2026-04-27T17:11:52.704082+00:00,medium,
2155064,210178,Pablo Marí,2018/19,,2019-06-30,281,Man City,897,Dep. La Coruña,,,,,,transfermarkt_api,http://localhost:8000/players/210178/transfers,2026-04-27T17:11:52.704082+00:00,medium,
2155063,210178,Pablo Marí,2018/19,,2018-01-07,897,Dep. La Coruña,281,Man City,,,,,,transfermarkt_api,http://localhost:8000/players/210178/transfers,2026-04-27T17:11:52.704082+00:00,medium,
1806359,210178,Pablo Marí,2017/18,,2018-06-30,281,Man City,132,NAC Breda,,,,,,transfermarkt_api,http://localhost:8000/players/210178/transfers,2026-04-27T17:11:52.704082+00:00,medium,
1806358,210178,Pablo Marí,2017/18,,2017-01-07,132,NAC Breda,281,Man City,,,,,,transfermarkt_api,http://localhost:8000/players/210178/transfers,2026-04-27T17:11:52.704082+00:00,medium,
1572071,210178,Pablo Marí,2016/17,,2017-06-30,281,Man City,12321,Girona,,,,,,transfermarkt_api,http://localhost:8000/players/210178/transfers,2026-04-27T17:11:52.704082+00:00,medium,
1572070,210178,Pablo Marí,2016/17,,2016-08-16,12321,Girona,281,Man City,,,,,,transfermarkt_api,http://localhost:8000/players/210178/transfers,2026-04-27T17:11:52.704082+00:00,medium,
1571722,210178,Pablo Marí,2016/17,,2016-08-15,281,Man City,5648,Gimnàstic,200000.0,,,,,transfermarkt_api,http://localhost:8000/players/210178/transfers,2026-04-27T17:11:52.704082+00:00,medium,
944494,210178,Pablo Marí,2013/14,,2013-02-09,5648,Gimnàstic,8494,RCD Mallorca B ,,,,,,transfermarkt_api,http://localhost:8000/players/210178/transfers,2026-04-27T17:11:52.704082+00:00,medium,
1461464,210178,Pablo Marí,2010/11,,2010-01-07,8494,RCD Mallorca B ,14742,Mallorca U19,,,,,,transfermarkt_api,http://localhost:8000/players/210178/transfers,2026-04-27T17:11:52.704082+00:00,medium,
5118003,215118,Calum Chambers,2024/25,,2024-07-14,603,Cardiff,405,Aston Villa,,,,,,transfermarkt_api,http://localhost:8000/players/215118/transfers,2026-04-27T17:11:51.072834+00:00,medium,
3716041,215118,Calum Chambers,2021/22,,2022-01-27,405,Aston Villa,11,Arsenal,,,,,,transfermarkt_api,http://localhost:8000/players/215118/transfers,2026-04-27T17:11:51.072834+00:00,medium,
2214798,215118,Calum Chambers,2018/19,,2019-05-31,11,Arsenal,931,Fulham,,,,,,transfermarkt_api,http://localhost:8000/players/215118/transfers,2026-04-27T17:11:51.072834+00:00,medium,
2214783,215118,Calum Chambers,2018/19,,2018-07-08,931,Fulham,11,Arsenal,,,,,,transfermarkt_api,http://localhost:8000/players/215118/transfers,2026-04-27T17:11:51.072834+00:00,medium,
1586870,215118,Calum Chambers,2016/17,,2017-05-31,11,Arsenal,641,Middlesbrough,,,,,,transfermarkt_api,http://localhost:8000/players/215118/transfers,2026-04-27T17:11:51.072834+00:00,medium,
1586869,215118,Calum Chambers,2016/17,,2016-08-30,641,Middlesbrough,11,Arsenal,,,,,,transfermarkt_api,http://localhost:8000/players/215118/transfers,2026-04-27T17:11:51.072834+00:00,medium,
1097332,215118,Calum Chambers,2014/15,,2014-07-28,11,Arsenal,180,Southampton,20230000.0,,,,,transfermarkt_api,http://localhost:8000/players/215118/transfers,2026-04-27T17:11:51.072834+00:00,medium,
965544,215118,Calum Chambers,2013/14,,2013-01-07,180,Southampton,36546,Southampton U21,,,,,,transfermarkt_api,http://localhost:8000/players/215118/transfers,2026-04-27T17:11:51.072834+00:00,medium,
782698,215118,Calum Chambers,2012/13,,2012-01-07,36546,Southampton U21,6893,Southampton U18,,,,,,transfermarkt_api,http://localhost:8000/players/215118/transfers,2026-04-27T17:11:51.072834+00:00,medium,
5035484,220491,Matt Macey,2024/25,,2024-01-07,1060,Colchester Utd.,1020,Portsmouth,,,,,,transfermarkt_api,http://localhost:8000/players/220491/transfers,2026-04-27T17:11:39.239034+00:00,medium,
4817852,220491,Matt Macey,2023/24,,2024-12-01,1020,Portsmouth,515,Without Club,,,,,,transfermarkt_api,http://localhost:8000/players/220491/transfers,2026-04-27T17:11:39.239034+00:00,medium,
4626072,220491,Matt Macey,2023/24,,2023-01-09,515,Without Club,1031,Luton,,,,,,transfermarkt_api,http://localhost:8000/players/220491/transfers,2026-04-27T17:11:39.239034+00:00,medium,
4234926,220491,Matt Macey,2022/23,,2023-05-31,1031,Luton,1020,Portsmouth,,,,,,transfermarkt_api,http://localhost:8000/players/220491/transfers,2026-04-27T17:11:39.239034+00:00,medium,
4234925,220491,Matt Macey,2022/23,,2023-01-20,1020,Portsmouth,1031,Luton,,,,,,transfermarkt_api,http://localhost:8000/players/220491/transfers,2026-04-27T17:11:39.239034+00:00,medium,
3898690,220491,Matt Macey,2022/23,,2022-01-07,1031,Luton,903,Hibernian FC,115000.0,,,,,transfermarkt_api,http://localhost:8000/players/220491/transfers,2026-04-27T17:11:39.239034+00:00,medium,
3195681,220491,Matt Macey,2020/21,,2021-08-01,903,Hibernian FC,11,Arsenal,,,,,,transfermarkt_api,http://localhost:8000/players/220491/transfers,2026-04-27T17:11:39.239034+00:00,medium,
2201445,220491,Matt Macey,2018/19,,2019-05-31,11,Arsenal,2262,Plymouth,,,,,,transfermarkt_api,http://localhost:8000/players/220491/transfers,2026-04-27T17:11:39.239034+00:00,medium,
2201444,220491,Matt Macey,2018/19,,2018-07-30,2262,Plymouth,11,Arsenal,,,,,,transfermarkt_api,http://localhost:8000/players/220491/transfers,2026-04-27T17:11:39.239034+00:00,medium,
1692315,220491,Matt Macey,2016/17,,2017-05-04,11,Arsenal,1031,Luton,,,,,,transfermarkt_api,http://localhost:8000/players/220491/transfers,2026-04-27T17:11:39.239034+00:00,medium,
1692314,220491,Matt Macey,2016/17,,2017-01-31,1031,Luton,11,Arsenal,,,,,,transfermarkt_api,http://localhost:8000/players/220491/transfers,2026-04-27T17:11:39.239034+00:00,medium,
1459294,220491,Matt Macey,2015/16,,2015-01-07,11,Arsenal,9249,Arsenal U21,,,,,,transfermarkt_api,http://localhost:8000/players/220491/transfers,2026-04-27T17:11:39.239034+00:00,medium,
1170767,220491,Matt Macey,2014/15,,2015-08-02,9249,Arsenal U21,3688,Accrington,,,,,,transfermarkt_api,http://localhost:8000/players/220491/transfers,2026-04-27T17:11:39.239034+00:00,medium,
1170766,220491,Matt Macey,2014/15,,2015-08-01,3688,Accrington,9249,Arsenal U21,,,,,,transfermarkt_api,http://localhost:8000/players/220491/transfers,2026-04-27T17:11:39.239034+00:00,medium,
1037019,220491,Matt Macey,2013/14,,2013-10-24,9249,Arsenal U21,14651,Brist. Rov. U18,140000.0,,,,,transfermarkt_api,http://localhost:8000/players/220491/transfers,2026-04-27T17:11:39.239034+00:00,medium,
1459593,220491,Matt Macey,2011/12,,2011-01-07,14651,Brist. Rov. U18,53301,Bristol R. Yth.,,,,,,transfermarkt_api,http://localhost:8000/players/220491/transfers,2026-04-27T17:11:39.239034+00:00,medium,
5843811,230784,Thomas Partey,2025/26,,2025-07-08,1050,Villarreal,11,Arsenal,,,,,,transfermarkt_api,http://localhost:8000/players/230784/transfers,2026-04-27T17:12:06.106860+00:00,medium,
3089796,230784,Thomas Partey,2020/21,,2020-05-10,11,Arsenal,13,Atlético,50000000.0,,,,,transfermarkt_api,http://localhost:8000/players/230784/transfers,2026-04-27T17:12:06.106860+00:00,medium,
1378139,230784,Thomas Partey,2015/16,,2015-01-07,13,Atlético,3679,Atl. Madrileño,,,,,,transfermarkt_api,http://localhost:8000/players/230784/transfers,2026-04-27T17:12:06.106860+00:00,medium,
1096695,230784,Thomas Partey,2014/15,,2015-06-30,3679,Atl. Madrileño,3302,UD Almería,,,,,,transfermarkt_api,http://localhost:8000/players/230784/transfers,2026-04-27T17:12:06.106860+00:00,medium,
1096693,230784,Thomas Partey,2014/15,,2014-07-27,3302,UD Almería,3679,Atl. Madrileño,,,,,,transfermarkt_api,http://localhost:8000/players/230784/transfers,2026-04-27T17:12:06.106860+00:00,medium,
908916,230784,Thomas Partey,2013/14,,2014-06-30,3679,Atl. Madrileño,237,RCD Mallorca,,,,,,transfermarkt_api,http://localhost:8000/players/230784/transfers,2026-04-27T17:12:06.106860+00:00,medium,
908915,230784,Thomas Partey,2013/14,,2013-12-07,237,RCD Mallorca,3679,Atl. Madrileño,,,,,,transfermarkt_api,http://localhost:8000/players/230784/transfers,2026-04-27T17:12:06.106860+00:00,medium,
978960,230784,Thomas Partey,2012/13,,2012-01-07,3679,Atl. Madrileño,21121,Leganés U19,,,,,,transfermarkt_api,http://localhost:8000/players/230784/transfers,2026-04-27T17:12:06.106860+00:00,medium,
5832319,253341,Rob Holding,2025/26,,2025-03-08,1247,Colorado,873,Crystal Palace,,,,,,transfermarkt_api,http://localhost:8000/players/253341/transfers,2026-04-27T17:11:49.542961+00:00,medium,
5501434,253341,Rob Holding,2024/25,,2025-06-30,873,Crystal Palace,350,Sheff Utd,,,,,,transfermarkt_api,http://localhost:8000/players/253341/transfers,2026-04-27T17:11:49.542961+00:00,medium,
5501433,253341,Rob Holding,2024/25,,2025-03-02,350,Sheff Utd,873,Crystal Palace,,,,,,transfermarkt_api,http://localhost:8000/players/253341/transfers,2026-04-27T17:11:49.542961+00:00,medium,
4625014,253341,Rob Holding,2023/24,,2023-01-09,873,Crystal Palace,11,Arsenal,1200000.0,,,,,transfermarkt_api,http://localhost:8000/players/253341/transfers,2026-04-27T17:11:49.542961+00:00,medium,
1546609,253341,Rob Holding,2016/17,,2016-07-22,11,Arsenal,355,Bolton,3000000.0,,,,,transfermarkt_api,http://localhost:8000/players/253341/transfers,2026-04-27T17:11:49.542961+00:00,medium,
1477532,253341,Rob Holding,2015/16,,2015-01-07,355,Bolton,9259,Bolton U21,,,,,,transfermarkt_api,http://localhost:8000/players/253341/transfers,2026-04-27T17:11:49.542961+00:00,medium,
1219551,253341,Rob Holding,2014/15,,2015-05-31,9259,Bolton U21,2413,Bury,,,,,,transfermarkt_api,http://localhost:8000/players/253341/transfers,2026-04-27T17:11:49.542961+00:00,medium,
1219550,253341,Rob Holding,2014/15,,2015-03-26,2413,Bury,9259,Bolton U21,,,,,,transfermarkt_api,http://localhost:8000/players/253341/transfers,2026-04-27T17:11:49.542961+00:00,medium,
1038763,253341,Rob Holding,2013/14,,2013-01-07,9259,Bolton U21,6915,Bolton U18,,,,,,transfermarkt_api,http://localhost:8000/players/253341/transfers,2026-04-27T17:11:49.542961+00:00,medium,
4567252,285845,Ainsley Maitland-Niles,2023/24,,2023-07-08,1041,Lyon,11,Arsenal,,,,,,transfermarkt_api,http://localhost:8000/players/285845/transfers,2026-04-27T17:12:03.093455+00:00,medium,
4051977,285845,Ainsley Maitland-Niles,2022/23,,2023-05-31,11,Arsenal,180,Southampton,,,,,,transfermarkt_api,http://localhost:8000/players/285845/transfers,2026-04-27T17:12:03.093455+00:00,medium,
4051976,285845,Ainsley Maitland-Niles,2022/23,,2022-01-09,180,Southampton,11,Arsenal,,,,,,transfermarkt_api,http://localhost:8000/players/285845/transfers,2026-04-27T17:12:03.093455+00:00,medium,
3684506,285845,Ainsley Maitland-Niles,2021/22,,2022-06-30,11,Arsenal,12,Roma,,,,,,transfermarkt_api,http://localhost:8000/players/285845/transfers,2026-04-27T17:12:03.093455+00:00,medium,
3684505,285845,Ainsley Maitland-Niles,2021/22,,2022-07-01,12,Roma,11,Arsenal,500000.0,,,,,transfermarkt_api,http://localhost:8000/players/285845/transfers,2026-04-27T17:12:03.093455+00:00,medium,
3233899,285845,Ainsley Maitland-Niles,2020/21,,2021-05-31,11,Arsenal,984,West Brom,,,,,,transfermarkt_api,http://localhost:8000/players/285845/transfers,2026-04-27T17:12:03.093455+00:00,medium,
3233903,285845,Ainsley Maitland-Niles,2020/21,,2021-01-02,984,West Brom,11,Arsenal,,,,,,transfermarkt_api,http://localhost:8000/players/285845/transfers,2026-04-27T17:12:03.093455+00:00,medium,
1979901,285845,Ainsley Maitland-Niles,2017/18,,2017-01-07,11,Arsenal,9249,Arsenal U23,,,,,,transfermarkt_api,http://localhost:8000/players/285845/transfers,2026-04-27T17:12:03.093455+00:00,medium,
1275365,285845,Ainsley Maitland-Niles,2015/16,,2016-05-31,9249,Arsenal U21,677,Ipswich,,,,,,transfermarkt_api,http://localhost:8000/players/285845/transfers,2026-04-27T17:12:03.093455+00:00,medium,
1275364,285845,Ainsley Maitland-Niles,2015/16,,2015-02-07,677,Ipswich,9249,Arsenal U21,,,,,,transfermarkt_api,http://localhost:8000/players/285845/transfers,2026-04-27T17:12:03.093455+00:00,medium,
1026694,285845,Ainsley Maitland-Niles,2014/15,,2014-01-07,9249,Arsenal U21,5679,Arsenal U18,,,,,,transfermarkt_api,http://localhost:8000/players/285845/transfers,2026-04-27T17:12:03.093455+00:00,medium,
5523642,300716,Kieran Tierney,2025/26,,2025-01-07,371,Celtic,11,Arsenal,,,,,,transfermarkt_api,http://localhost:8000/players/300716/transfers,2026-04-27T17:11:58.634892+00:00,medium,
4611109,300716,Kieran Tierney,2023/24,,2024-06-30,11,Arsenal,681,Real Sociedad,,,,,,transfermarkt_api,http://localhost:8000/players/300716/transfers,2026-04-27T17:11:58.634892+00:00,medium,
4611108,300716,Kieran Tierney,2023/24,,2023-08-27,681,Real Sociedad,11,Arsenal,1400000.0,,,,,transfermarkt_api,http://localhost:8000/players/300716/transfers,2026-04-27T17:11:58.634892+00:00,medium,
2596989,300716,Kieran Tierney,2019/20,,2019-08-08,11,Arsenal,371,Celtic,27000000.0,,,,,transfermarkt_api,http://localhost:8000/players/300716/transfers,2026-04-27T17:11:58.634892+00:00,medium,
1394781,300716,Kieran Tierney,2015/16,,2016-01-01,371,Celtic,8924,Celtic U20,,,,,,transfermarkt_api,http://localhost:8000/players/300716/transfers,2026-04-27T17:11:58.634892+00:00,medium,
1249168,300716,Kieran Tierney,2014/15,,2014-01-07,8924,Celtic U20,31025,Celtic U17,,,,,,transfermarkt_api,http://localhost:8000/players/300716/transfers,2026-04-27T17:11:58.634892+00:00,medium,
3509558,316264,Martin Ødegaard,2021/22,,2021-08-20,11,Arsenal,418,Real Madrid,35000000.0,,,,,transfermarkt_api,http://localhost:8000/players/316264/transfers,2026-04-27T17:12:18.393648+00:00,medium,
3223233,316264,Martin Ødegaard,2020/21,,2021-06-30,418,Real Madrid,11,Arsenal,,,,,,transfermarkt_api,http://localhost:8000/players/316264/transfers,2026-04-27T17:12:18.393648+00:00,medium,
3223232,316264,Martin Ødegaard,2020/21,,2021-01-27,11,Arsenal,418,Real Madrid,2000000.0,,,,,transfermarkt_api,http://localhost:8000/players/316264/transfers,2026-04-27T17:12:18.393648+00:00,medium,
2539951,316264,Martin Ødegaard,2020/21,,2020-07-20,418,Real Madrid,681,Real Sociedad,,,,,,transfermarkt_api,http://localhost:8000/players/316264/transfers,2026-04-27T17:12:18.393648+00:00,medium,
2539950,316264,Martin Ødegaard,2019/20,,2019-05-07,681,Real Sociedad,418,Real Madrid,2000000.0,,,,,transfermarkt_api,http://localhost:8000/players/316264/transfers,2026-04-27T17:12:18.393648+00:00,medium,
2233834,316264,Martin Ødegaard,2018/19,,2019-06-30,418,Real Madrid,499,Vitesse,,,,,,transfermarkt_api,http://localhost:8000/players/316264/transfers,2026-04-27T17:12:18.393648+00:00,medium,
2233833,316264,Martin Ødegaard,2018/19,,2018-08-21,499,Vitesse,418,Real Madrid,,,,,,transfermarkt_api,http://localhost:8000/players/316264/transfers,2026-04-27T17:12:18.393648+00:00,medium,
1668832,316264,Martin Ødegaard,2017/18,,2018-06-30,418,Real Madrid,306,Heerenveen,,,,,,transfermarkt_api,http://localhost:8000/players/316264/transfers,2026-04-27T17:12:18.393648+00:00,medium,
1668831,316264,Martin Ødegaard,2016/17,,2017-09-01,306,Heerenveen,418,Real Madrid,,,,,,transfermarkt_api,http://localhost:8000/players/316264/transfers,2026-04-27T17:12:18.393648+00:00,medium,
2177140,316264,Martin Ødegaard,2016/17,,2017-08-01,418,Real Madrid,6767,RM Castilla,,,,,,transfermarkt_api,http://localhost:8000/players/316264/transfers,2026-04-27T17:12:18.393648+00:00,medium,
1178669,316264,Martin Ødegaard,2014/15,,2015-01-22,6767,RM Castilla,2817,Strømsgodset,2800000.0,,,,,transfermarkt_api,http://localhost:8000/players/316264/transfers,2026-04-27T17:12:18.393648+00:00,medium,
1063723,316264,Martin Ødegaard,2013/14,,2014-05-05,2817,Strømsgodset,35027,Strømsgodset II,,,,,,transfermarkt_api,http://localhost:8000/players/316264/transfers,2026-04-27T17:12:18.393648+00:00,medium,
1945971,316264,Martin Ødegaard,2013/14,,2014-01-01,35027,Strømsgodset II,15693,Godset Yth. ,,,,,,transfermarkt_api,http://localhost:8000/players/316264/transfers,2026-04-27T17:12:18.393648+00:00,medium,
3045563,319745,Dani Ceballos,2020/21,,2021-06-30,418,Real Madrid,11,Arsenal,,,,,,transfermarkt_api,http://localhost:8000/players/319745/transfers,2026-04-27T17:12:10.520014+00:00,medium,
2574341,319745,Dani Ceballos,2019/20,,2019-07-25,11,Arsenal,418,Real Madrid,,,,,,transfermarkt_api,http://localhost:8000/players/319745/transfers,2026-04-27T17:12:10.520014+00:00,medium,
1835528,319745,Dani Ceballos,2017/18,,2017-07-14,418,Real Madrid,150,Real Betis,16500000.0,,,,,transfermarkt_api,http://localhost:8000/players/319745/transfers,2026-04-27T17:12:10.520014+00:00,medium,
1283784,319745,Dani Ceballos,2015/16,,2015-01-07,150,Real Betis,2865,Betis B,,,,,,transfermarkt_api,http://localhost:8000/players/319745/transfers,2026-04-27T17:12:10.520014+00:00,medium,
1156051,319745,Dani Ceballos,2014/15,,2014-01-07,2865,Betis B,40422,Betis U19,,,,,,transfermarkt_api,http://localhost:8000/players/319745/transfers,2026-04-27T17:12:10.520014+00:00,medium,
1827621,319745,Dani Ceballos,2012/13,,2012-01-07,40422,Betis U19,14743,Real Betis Yth.,,,,,,transfermarkt_api,http://localhost:8000/players/319745/transfers,2026-04-27T17:12:10.520014+00:00,medium,
5238806,340324,Eddie Nketiah,2024/25,,2024-08-30,873,Crystal Palace,11,Arsenal,29700000.0,,,,,transfermarkt_api,http://localhost:8000/players/340324/transfers,2026-04-27T17:12:33.404602+00:00,medium,
2596923,340324,Eddie Nketiah,2019/20,,2020-02-01,11,Arsenal,399,Leeds,,,,,,transfermarkt_api,http://localhost:8000/players/340324/transfers,2026-04-27T17:12:33.404602+00:00,medium,
2596922,340324,Eddie Nketiah,2019/20,,2019-08-08,399,Leeds,11,Arsenal,,,,,,transfermarkt_api,http://localhost:8000/players/340324/transfers,2026-04-27T17:12:33.404602+00:00,medium,
2484054,340324,Eddie Nketiah,2018/19,,2019-01-01,11,Arsenal,9249,Arsenal U23,,,,,,transfermarkt_api,http://localhost:8000/players/340324/transfers,2026-04-27T17:12:33.404602+00:00,medium,
1887710,340324,Eddie Nketiah,2017/18,,2017-01-07,9249,Arsenal U23,5679,Arsenal U18,,,,,,transfermarkt_api,http://localhost:8000/players/340324/transfers,2026-04-27T17:12:33.404602+00:00,medium,
1376543,340324,Eddie Nketiah,2015/16,,2015-01-07,5679,Arsenal U18,50677,Chelsea Youth,,,,,,transfermarkt_api,http://localhost:8000/players/340324/transfers,2026-04-27T17:12:33.404602+00:00,medium,
5912104,340325,Reiss Nelson,2025/26,,2026-06-30,11,Arsenal,1148,Brentford,,,,,,transfermarkt_api,http://localhost:8000/players/340325/transfers,2026-04-27T17:12:25.616583+00:00,medium,
5912103,340325,Reiss Nelson,2025/26,,2025-01-09,1148,Brentford,11,Arsenal,,,,,,transfermarkt_api,http://localhost:8000/players/340325/transfers,2026-04-27T17:12:25.616583+00:00,medium,
5239157,340325,Reiss Nelson,2024/25,,2025-06-30,11,Arsenal,931,Fulham,,,,,,transfermarkt_api,http://localhost:8000/players/340325/transfers,2026-04-27T17:12:25.616583+00:00,medium,
5239156,340325,Reiss Nelson,2024/25,,2024-08-30,931,Fulham,11,Arsenal,,,,,,transfermarkt_api,http://localhost:8000/players/340325/transfers,2026-04-27T17:12:25.616583+00:00,medium,
3529445,340325,Reiss Nelson,2021/22,,2022-06-30,11,Arsenal,234,Feyenoord,,,,,,transfermarkt_api,http://localhost:8000/players/340325/transfers,2026-04-27T17:12:25.616583+00:00,medium,
3529443,340325,Reiss Nelson,2021/22,,2021-08-31,234,Feyenoord,11,Arsenal,,,,,,transfermarkt_api,http://localhost:8000/players/340325/transfers,2026-04-27T17:12:25.616583+00:00,medium,
2611520,340325,Reiss Nelson,2019/20,,2019-01-07,11,Arsenal,9249,Arsenal U23,,,,,,transfermarkt_api,http://localhost:8000/players/340325/transfers,2026-04-27T17:12:25.616583+00:00,medium,
2247186,340325,Reiss Nelson,2018/19,,2019-06-30,9249,Arsenal U23,533,Hoffenheim,,,,,,transfermarkt_api,http://localhost:8000/players/340325/transfers,2026-04-27T17:12:25.616583+00:00,medium,
2247185,340325,Reiss Nelson,2018/19,,2018-08-31,533,Hoffenheim,9249,Arsenal U23,500000.0,,,,,transfermarkt_api,http://localhost:8000/players/340325/transfers,2026-04-27T17:12:25.616583+00:00,medium,
1886440,340325,Reiss Nelson,2017/18,,2017-01-07,9249,Arsenal U23,5679,Arsenal U18,,,,,,transfermarkt_api,http://localhost:8000/players/340325/transfers,2026-04-27T17:12:25.616583+00:00,medium,
1346211,340325,Reiss Nelson,2015/16,,2015-01-07,5679,Arsenal U18,50683,Arsenal Youth,,,,,,transfermarkt_api,http://localhost:8000/players/340325/transfers,2026-04-27T17:12:25.616583+00:00,medium,
3496771,340329,Joe Willock,2021/22,,2021-08-13,762,Newcastle,11,Arsenal,29400000.0,,,,,transfermarkt_api,http://localhost:8000/players/340329/transfers,2026-04-27T17:12:12.260069+00:00,medium,
3233924,340329,Joe Willock,2020/21,,2021-05-31,11,Arsenal,762,Newcastle,,,,,,transfermarkt_api,http://localhost:8000/players/340329/transfers,2026-04-27T17:12:12.260069+00:00,medium,
3233925,340329,Joe Willock,2020/21,,2021-01-02,762,Newcastle,11,Arsenal,,,,,,transfermarkt_api,http://localhost:8000/players/340329/transfers,2026-04-27T17:12:12.260069+00:00,medium,
2614453,340329,Joe Willock,2019/20,,2019-01-07,11,Arsenal,9249,Arsenal U23,,,,,,transfermarkt_api,http://localhost:8000/players/340329/transfers,2026-04-27T17:12:12.260069+00:00,medium,
1909093,340329,Joe Willock,2017/18,,2017-01-07,9249,Arsenal U23,5679,Arsenal U18,,,,,,transfermarkt_api,http://localhost:8000/players/340329/transfers,2026-04-27T17:12:12.260069+00:00,medium,
1355015,340329,Joe Willock,2015/16,,2015-01-07,5679,Arsenal U18,50683,Arsenal Youth,,,,,,transfermarkt_api,http://localhost:8000/players/340329/transfers,2026-04-27T17:12:12.260069+00:00,medium,
5171577,343052,Nicolas Pépé,2024/25,,2024-04-08,1050,Villarreal,449,Trabzonspor,,,,,,transfermarkt_api,http://localhost:8000/players/343052/transfers,2026-04-27T17:12:28.621838+00:00,medium,
4637089,343052,Nicolas Pépé,2023/24,,2023-08-09,449,Trabzonspor,11,Arsenal,,,,,,transfermarkt_api,http://localhost:8000/players/343052/transfers,2026-04-27T17:12:28.621838+00:00,medium,
4037424,343052,Nicolas Pépé,2022/23,,2023-06-30,11,Arsenal,417,Nice,,,,,,transfermarkt_api,http://localhost:8000/players/343052/transfers,2026-04-27T17:12:28.621838+00:00,medium,
4037423,343052,Nicolas Pépé,2022/23,,2022-08-25,417,Nice,11,Arsenal,,,,,,transfermarkt_api,http://localhost:8000/players/343052/transfers,2026-04-27T17:12:28.621838+00:00,medium,
2585250,343052,Nicolas Pépé,2019/20,,2019-01-08,11,Arsenal,1082,Lille,80000000.0,,,,,transfermarkt_api,http://localhost:8000/players/343052/transfers,2026-04-27T17:12:28.621838+00:00,medium,
1801730,343052,Nicolas Pépé,2017/18,,2017-01-07,1082,Lille,1420,Angers SCO,18000000.0,,,,,transfermarkt_api,http://localhost:8000/players/343052/transfers,2026-04-27T17:12:28.621838+00:00,medium,
1268441,343052,Nicolas Pépé,2015/16,,2016-06-30,1420,Angers SCO,10868,US Orléans,,,,,,transfermarkt_api,http://localhost:8000/players/343052/transfers,2026-04-27T17:12:28.621838+00:00,medium,
1268440,343052,Nicolas Pépé,2015/16,,2015-02-07,10868,US Orléans,1420,Angers SCO,,,,,,transfermarkt_api,http://localhost:8000/players/343052/transfers,2026-04-27T17:12:28.621838+00:00,medium,
1268439,343052,Nicolas Pépé,2015/16,,2015-01-07,1420,Angers SCO,16672,Angers SCO B,,,,,,transfermarkt_api,http://localhost:8000/players/343052/transfers,2026-04-27T17:12:28.621838+00:00,medium,
2237804,343052,Nicolas Pépé,2013/14,,2013-01-07,16672,Angers SCO B,30293,Stade Poitevin,,,,,,transfermarkt_api,http://localhost:8000/players/343052/transfers,2026-04-27T17:12:28.621838+00:00,medium,
4342414,343052,Nicolas Pépé,2012/13,,2012-01-07,30293,Stade Poitevin,126855,S.Poitevin U19 ,,,,,,transfermarkt_api,http://localhost:8000/players/343052/transfers,2026-04-27T17:12:28.621838+00:00,medium,
5167406,392765,Emile Smith Rowe,2024/25,,2024-02-08,931,Fulham,11,Arsenal,31800000.0,,,,,transfermarkt_api,http://localhost:8000/players/392765/transfers,2026-04-27T17:12:19.925995+00:00,medium,
3062952,392765,Emile Smith Rowe,2020/21,,2020-01-08,11,Arsenal,9249,Arsenal U23,,,,,,transfermarkt_api,http://localhost:8000/players/392765/transfers,2026-04-27T17:12:19.925995+00:00,medium,
2753312,392765,Emile Smith Rowe,2020/21,,2020-07-31,9249,Arsenal U23,1110,Huddersfield,,,,,,transfermarkt_api,http://localhost:8000/players/392765/transfers,2026-04-27T17:12:19.925995+00:00,medium,
2753311,392765,Emile Smith Rowe,2019/20,,2020-10-01,1110,Huddersfield,9249,Arsenal U23,,,,,,transfermarkt_api,http://localhost:8000/players/392765/transfers,2026-04-27T17:12:19.925995+00:00,medium,
2389343,392765,Emile Smith Rowe,2018/19,,2019-06-30,9249,Arsenal U23,23826,Leipzig,,,,,,transfermarkt_api,http://localhost:8000/players/392765/transfers,2026-04-27T17:12:19.925995+00:00,medium,
2389345,392765,Emile Smith Rowe,2018/19,,2019-01-31,23826,Leipzig,9249,Arsenal U23,1000000.0,,,,,transfermarkt_api,http://localhost:8000/players/392765/transfers,2026-04-27T17:12:19.925995+00:00,medium,
2207800,392765,Emile Smith Rowe,2018/19,,2018-01-07,9249,Arsenal U23,5679,Arsenal U18,,,,,,transfermarkt_api,http://localhost:8000/players/392765/transfers,2026-04-27T17:12:19.925995+00:00,medium,
1494410,392765,Emile Smith Rowe,2016/17,,2016-01-07,5679,Arsenal U18,50683,Arsenal Youth,,,,,,transfermarkt_api,http://localhost:8000/players/392765/transfers,2026-04-27T17:12:19.925995+00:00,medium,
2685855,433177,Bukayo Saka,2019/20,,2019-01-07,11,Arsenal,9249,Arsenal U23,,,,,,transfermarkt_api,http://localhost:8000/players/433177/transfers,2026-04-27T17:12:27.214686+00:00,medium,
2330190,433177,Bukayo Saka,2018/19,,2018-01-07,9249,Arsenal U23,5679,Arsenal U18,,,,,,transfermarkt_api,http://localhost:8000/players/433177/transfers,2026-04-27T17:12:27.214686+00:00,medium,
2330191,433177,Bukayo Saka,2017/18,,2017-01-07,5679,Arsenal U18,50683,Arsenal Youth,,,,,,transfermarkt_api,http://localhost:8000/players/433177/transfers,2026-04-27T17:12:27.214686+00:00,medium,
5304590,433177,Bukayo Saka,2008/09,,2008-01-07,50683,Arsenal Youth,51466,Watford Yth.,,,,,,transfermarkt_api,http://localhost:8000/players/433177/transfers,2026-04-27T17:12:27.214686+00:00,medium,
3040482,435338,Gabriel,2020/21,,2020-01-09,11,Arsenal,1082,Lille,26000000.0,,,,,transfermarkt_api,http://localhost:8000/players/435338/transfers,2026-04-27T17:11:45.453174+00:00,medium,
2037482,435338,Gabriel,2017/18,,2018-06-30,1082,Lille,44796,Din. Zagreb II,,,,,,transfermarkt_api,http://localhost:8000/players/435338/transfers,2026-04-27T17:11:45.453174+00:00,medium,
2037483,435338,Gabriel,2017/18,,2018-02-15,44796,Din. Zagreb II,1082,Lille,,,,,,transfermarkt_api,http://localhost:8000/players/435338/transfers,2026-04-27T17:11:45.453174+00:00,medium,
1812665,435338,Gabriel,2017/18,,2018-02-14,1082,Lille,1095,Troyes,,,,,,transfermarkt_api,http://localhost:8000/players/435338/transfers,2026-04-27T17:11:45.453174+00:00,medium,
1812664,435338,Gabriel,2017/18,,2017-01-07,1095,Troyes,1082,Lille,,,,,,transfermarkt_api,http://localhost:8000/players/435338/transfers,2026-04-27T17:11:45.453174+00:00,medium,
1691219,435338,Gabriel,2016/17,,2017-01-31,1082,Lille,2035,Avaí FC,3000000.0,,,,,transfermarkt_api,http://localhost:8000/players/435338/transfers,2026-04-27T17:11:45.453174+00:00,medium,
1596134,435338,Gabriel,2015/16,,2016-01-01,2035,Avaí FC,17661,Avaí U20,,,,,,transfermarkt_api,http://localhost:8000/players/435338/transfers,2026-04-27T17:11:45.453174+00:00,medium,
5832590,46741,David Luiz,2025/26,,2025-03-08,45457,Pafos,10870,Fortaleza,,,,,,transfermarkt_api,http://localhost:8000/players/46741/transfers,2026-04-27T17:11:55.631770+00:00,medium,
5410218,46741,David Luiz,2024/25,,2025-01-20,10870,Fortaleza,614,Flamengo,,,,,,transfermarkt_api,http://localhost:8000/players/46741/transfers,2026-04-27T17:11:55.631770+00:00,medium,
3548928,46741,David Luiz,2021/22,,2021-01-09,614,Flamengo,11,Arsenal,,,,,,transfermarkt_api,http://localhost:8000/players/46741/transfers,2026-04-27T17:11:55.631770+00:00,medium,
2597256,46741,David Luiz,2019/20,,2019-09-08,11,Arsenal,631,Chelsea,8700000.0,,,,,transfermarkt_api,http://localhost:8000/players/46741/transfers,2026-04-27T17:11:55.631770+00:00,medium,
1588806,46741,David Luiz,2016/17,,2016-08-31,631,Chelsea,583,PSG,35000000.0,,,,,transfermarkt_api,http://localhost:8000/players/46741/transfers,2026-04-27T17:11:55.631770+00:00,medium,
1064205,46741,David Luiz,2014/15,,2014-01-07,583,PSG,631,Chelsea,49500000.0,,,,,transfermarkt_api,http://localhost:8000/players/46741/transfers,2026-04-27T17:11:55.631770+00:00,medium,
535022,46741,David Luiz,2010/11,,2011-01-31,631,Chelsea,294,Benfica,25000000.0,,,,,transfermarkt_api,http://localhost:8000/players/46741/transfers,2026-04-27T17:11:55.631770+00:00,medium,
128465,46741,David Luiz,2007/08,,2007-01-07,294,Benfica,2125,EC Vitória,500000.0,,,,,transfermarkt_api,http://localhost:8000/players/46741/transfers,2026-04-27T17:11:55.631770+00:00,medium,
125105,46741,David Luiz,2006/07,,2007-06-30,2125,EC Vitória,294,Benfica,,,,,,transfermarkt_api,http://localhost:8000/players/46741/transfers,2026-04-27T17:11:55.631770+00:00,medium,
114047,46741,David Luiz,2006/07,,2007-01-31,294,Benfica,2125,EC Vitória,,,,,,transfermarkt_api,http://localhost:8000/players/46741/transfers,2026-04-27T17:11:55.631770+00:00,medium,
4782999,46741,David Luiz,2004/05,,2005-01-01,2125,EC Vitória,15555,Vitória U20,,,,,,transfermarkt_api,http://localhost:8000/players/46741/transfers,2026-04-27T17:11:55.631770+00:00,medium,
5385640,470597,Ben Cottrell,2024/25,,2025-01-01,13744,Michalovce,17980,Hemel,,,,,,transfermarkt_api,http://localhost:8000/players/470597/transfers,2026-04-27T17:12:15.217540+00:00,medium,
5343503,470597,Ben Cottrell,2024/25,,2024-10-30,17980,Hemel,515,Without Club,,,,,,transfermarkt_api,http://localhost:8000/players/470597/transfers,2026-04-27T17:12:15.217540+00:00,medium,
5024766,470597,Ben Cottrell,2024/25,,2024-01-07,515,Without Club,4059,NS Mura,,,,,,transfermarkt_api,http://localhost:8000/players/470597/transfers,2026-04-27T17:12:15.217540+00:00,medium,
4550314,470597,Ben Cottrell,2023/24,,2023-01-08,4059,NS Mura,9249,Arsenal U21,,,,,,transfermarkt_api,http://localhost:8000/players/470597/transfers,2026-04-27T17:12:15.217540+00:00,medium,
2998777,470597,Ben Cottrell,2020/21,,2020-01-07,9249,Arsenal U23,5679,Arsenal U18,,,,,,transfermarkt_api,http://localhost:8000/players/470597/transfers,2026-04-27T17:12:15.217540+00:00,medium,
2153363,470597,Ben Cottrell,2018/19,,2018-01-07,5679,Arsenal U18,50683,Arsenal Youth,,,,,,transfermarkt_api,http://localhost:8000/players/470597/transfers,2026-04-27T17:12:15.217540+00:00,medium,
5885468,493513,Karl Hein,2025/26,,2026-06-30,11,Arsenal,86,Werder Bremen,,,,,,transfermarkt_api,http://localhost:8000/players/493513/transfers,2026-04-27T17:11:37.741391+00:00,medium,
5885464,493513,Karl Hein,2025/26,,2025-08-22,86,Werder Bremen,11,Arsenal,,,,,,transfermarkt_api,http://localhost:8000/players/493513/transfers,2026-04-27T17:11:37.741391+00:00,medium,
5192164,493513,Karl Hein,2024/25,,2025-06-30,11,Arsenal,366,Real Valladolid,,,,,,transfermarkt_api,http://localhost:8000/players/493513/transfers,2026-04-27T17:11:37.741391+00:00,medium,
5192163,493513,Karl Hein,2024/25,,2024-08-13,366,Real Valladolid,11,Arsenal,,,,,,transfermarkt_api,http://localhost:8000/players/493513/transfers,2026-04-27T17:11:37.741391+00:00,medium,
4553677,493513,Karl Hein,2022/23,,2022-01-07,11,Arsenal,9249,Arsenal U21,,,,,,transfermarkt_api,http://localhost:8000/players/493513/transfers,2026-04-27T17:11:37.741391+00:00,medium,
3710490,493513,Karl Hein,2021/22,,2022-10-03,9249,Arsenal U23,1032,Reading,,,,,,transfermarkt_api,http://localhost:8000/players/493513/transfers,2026-04-27T17:11:37.741391+00:00,medium,
3710489,493513,Karl Hein,2021/22,,2022-01-24,1032,Reading,9249,Arsenal U23,,,,,,transfermarkt_api,http://localhost:8000/players/493513/transfers,2026-04-27T17:11:37.741391+00:00,medium,
2998770,493513,Karl Hein,2019/20,,2019-01-07,9249,Arsenal U23,5679,Arsenal U18,,,,,,transfermarkt_api,http://localhost:8000/players/493513/transfers,2026-04-27T17:11:37.741391+00:00,medium,
2112394,493513,Karl Hein,2018/19,,2018-01-07,5679,Arsenal U18,28780,Nomme United,,,,,,transfermarkt_api,http://localhost:8000/players/493513/transfers,2026-04-27T17:11:37.741391+00:00,medium,
2051182,493513,Karl Hein,2017/18,,2018-01-01,28780,Nomme United,47130,FC Nomme U17,,,,,,transfermarkt_api,http://localhost:8000/players/493513/transfers,2026-04-27T17:11:37.741391+00:00,medium,
2713602,493513,Karl Hein,2016/17,,2017-01-01,47130,FC Nomme U17,47168,Nomme Youth,,,,,,transfermarkt_api,http://localhost:8000/players/493513/transfers,2026-04-27T17:11:37.741391+00:00,medium,
3442745,495666,William Saliba,2021/22,,2022-06-30,11,Arsenal,244,Marseille,,,,,,transfermarkt_api,http://localhost:8000/players/495666/transfers,2026-04-27T17:11:48.118516+00:00,medium,
3442744,495666,William Saliba,2021/22,,2021-07-15,244,Marseille,11,Arsenal,,,,,,transfermarkt_api,http://localhost:8000/players/495666/transfers,2026-04-27T17:11:48.118516+00:00,medium,
3190561,495666,William Saliba,2020/21,,2021-06-30,11,Arsenal,417,Nice,,,,,,transfermarkt_api,http://localhost:8000/players/495666/transfers,2026-04-27T17:11:48.118516+00:00,medium,
3190560,495666,William Saliba,2020/21,,2021-04-01,417,Nice,11,Arsenal,,,,,,transfermarkt_api,http://localhost:8000/players/495666/transfers,2026-04-27T17:11:48.118516+00:00,medium,
2574515,495666,William Saliba,2019/20,,2020-06-30,11,Arsenal,618,Saint-Étienne,,,,,,transfermarkt_api,http://localhost:8000/players/495666/transfers,2026-04-27T17:11:48.118516+00:00,medium,
2574514,495666,William Saliba,2019/20,,2019-07-26,618,Saint-Étienne,11,Arsenal,,,,,,transfermarkt_api,http://localhost:8000/players/495666/transfers,2026-04-27T17:11:48.118516+00:00,medium,
2574513,495666,William Saliba,2019/20,,2019-07-25,11,Arsenal,618,Saint-Étienne,30000000.0,,,,,transfermarkt_api,http://localhost:8000/players/495666/transfers,2026-04-27T17:11:48.118516+00:00,medium,
2222746,495666,William Saliba,2018/19,,2018-01-07,618,Saint-Étienne,8515,Saint-Étienne B,,,,,,transfermarkt_api,http://localhost:8000/players/495666/transfers,2026-04-27T17:11:48.118516+00:00,medium,
5025957,495666,William Saliba,2017/18,,2018-11-05,8515,Saint-Étienne B,12745,St-Étienne U19,,,,,,transfermarkt_api,http://localhost:8000/players/495666/transfers,2026-04-27T17:11:48.118516+00:00,medium,
2574939,495666,William Saliba,2017/18,,2017-01-07,12745,St-Étienne U19,60860,St-Étienne U17,,,,,,transfermarkt_api,http://localhost:8000/players/495666/transfers,2026-04-27T17:11:48.118516+00:00,medium,
2574938,495666,William Saliba,2016/17,,2016-01-07,60860,St-Étienne U17,110097,Montfermeil Jgd,,,,,,transfermarkt_api,http://localhost:8000/players/495666/transfers,2026-04-27T17:11:48.118516+00:00,medium,
2574937,495666,William Saliba,2014/15,,2014-01-07,110097,Montfermeil Jgd,83011,AS Bondy Yth.,,,,,,transfermarkt_api,http://localhost:8000/players/495666/transfers,2026-04-27T17:11:48.118516+00:00,medium,
6262460,503765,James Hillson,2025/26,,2026-02-26,631,Chelsea,4117,Wealdstone,,,,,,transfermarkt_api,http://localhost:8000/players/503765/transfers,2026-04-27T17:11:42.460753+00:00,medium,
5804666,503765,James Hillson,2024/25,,2024-11-29,4117,Wealdstone,8665,Enfield Town,,,,,,transfermarkt_api,http://localhost:8000/players/503765/transfers,2026-04-27T17:11:42.460753+00:00,medium,
5355106,503765,James Hillson,2024/25,,2024-12-11,8665,Enfield Town,56852,Salisbury,,,,,,transfermarkt_api,http://localhost:8000/players/503765/transfers,2026-04-27T17:11:42.460753+00:00,medium,
5313691,503765,James Hillson,2024/25,,2024-12-10,56852,Salisbury,2793,Southend United,,,,,,transfermarkt_api,http://localhost:8000/players/503765/transfers,2026-04-27T17:11:42.460753+00:00,medium,
5038041,503765,James Hillson,2024/25,,2024-10-08,2793,Southend United,9249,Arsenal U21,,,,,,transfermarkt_api,http://localhost:8000/players/503765/transfers,2026-04-27T17:11:42.460753+00:00,medium,
2471338,503765,James Hillson,2019/20,,2019-02-07,9249,Arsenal U23,11994,Reading U18,,,,,,transfermarkt_api,http://localhost:8000/players/503765/transfers,2026-04-27T17:11:42.460753+00:00,medium,
2471337,503765,James Hillson,2018/19,,2019-05-31,11994,Reading U18,5679,Arsenal U18,,,,,,transfermarkt_api,http://localhost:8000/players/503765/transfers,2026-04-27T17:11:42.460753+00:00,medium,
2398176,503765,James Hillson,2018/19,,2019-07-02,5679,Arsenal U18,11994,Reading U18,,,,,,transfermarkt_api,http://localhost:8000/players/503765/transfers,2026-04-27T17:11:42.460753+00:00,medium,
2398178,503765,James Hillson,2018/19,,2019-06-02,11994,Reading U18,56852,Salisbury,,,,,,transfermarkt_api,http://localhost:8000/players/503765/transfers,2026-04-27T17:11:42.460753+00:00,medium,
2398177,503765,James Hillson,2018/19,,2018-10-19,56852,Salisbury,11994,Reading U18,,,,,,transfermarkt_api,http://localhost:8000/players/503765/transfers,2026-04-27T17:11:42.460753+00:00,medium,
1881895,503765,James Hillson,2017/18,,2017-01-07,11994,Reading U18,53035,Reading Yth.,,,,,,transfermarkt_api,http://localhost:8000/players/503765/transfers,2026-04-27T17:11:42.460753+00:00,medium,
5998108,503768,Tyreece John-Jules,2025/26,,2025-10-24,2553,Kilmarnock FC,515,Without Club,,,,,,transfermarkt_api,http://localhost:8000/players/503768/transfers,2026-04-27T17:12:36.270119+00:00,medium,
5653615,503768,Tyreece John-Jules,2025/26,,2025-01-07,515,Without Club,3537,Crawley Town,,,,,,transfermarkt_api,http://localhost:8000/players/503768/transfers,2026-04-27T17:12:36.270119+00:00,medium,
5327009,503768,Tyreece John-Jules,2024/25,,2024-10-18,3537,Crawley Town,515,Without Club,,,,,,transfermarkt_api,http://localhost:8000/players/503768/transfers,2026-04-27T17:12:36.270119+00:00,medium,
5038070,503768,Tyreece John-Jules,2024/25,,2024-01-07,515,Without Club,9249,Arsenal U21,,,,,,transfermarkt_api,http://localhost:8000/players/503768/transfers,2026-04-27T17:12:36.270119+00:00,medium,
4606745,503768,Tyreece John-Jules,2023/24,,2024-05-31,9249,Arsenal U21,22,Derby,,,,,,transfermarkt_api,http://localhost:8000/players/503768/transfers,2026-04-27T17:12:36.270119+00:00,medium,
4606744,503768,Tyreece John-Jules,2023/24,,2023-08-25,22,Derby,9249,Arsenal U21,,,,,,transfermarkt_api,http://localhost:8000/players/503768/transfers,2026-04-27T17:12:36.270119+00:00,medium,
3898967,503768,Tyreece John-Jules,2022/23,,2023-05-31,9249,Arsenal U21,677,Ipswich,,,,,,transfermarkt_api,http://localhost:8000/players/503768/transfers,2026-04-27T17:12:36.270119+00:00,medium,
3898966,503768,Tyreece John-Jules,2022/23,,2022-01-07,677,Ipswich,9249,Arsenal U21,,,,,,transfermarkt_api,http://localhost:8000/players/503768/transfers,2026-04-27T17:12:36.270119+00:00,medium,
3712617,503768,Tyreece John-Jules,2021/22,,2022-05-31,9249,Arsenal U23,1035,Sheff Wed,,,,,,transfermarkt_api,http://localhost:8000/players/503768/transfers,2026-04-27T17:12:36.270119+00:00,medium,
3712417,503768,Tyreece John-Jules,2021/22,,2022-01-25,1035,Sheff Wed,9249,Arsenal U23,,,,,,transfermarkt_api,http://localhost:8000/players/503768/transfers,2026-04-27T17:12:36.270119+00:00,medium,
3467649,503768,Tyreece John-Jules,2021/22,,2022-01-17,9249,Arsenal U23,1181,Blackpool,,,,,,transfermarkt_api,http://localhost:8000/players/503768/transfers,2026-04-27T17:12:36.270119+00:00,medium,
3468481,503768,Tyreece John-Jules,2021/22,,2021-07-29,1181,Blackpool,9249,Arsenal U23,,,,,,transfermarkt_api,http://localhost:8000/players/503768/transfers,2026-04-27T17:12:36.270119+00:00,medium,
3053791,503768,Tyreece John-Jules,2020/21,,2021-05-31,9249,Arsenal U23,2454,Doncaster,,,,,,transfermarkt_api,http://localhost:8000/players/503768/transfers,2026-04-27T17:12:36.270119+00:00,medium,
3053790,503768,Tyreece John-Jules,2020/21,,2020-08-09,2454,Doncaster,9249,Arsenal U23,,,,,,transfermarkt_api,http://localhost:8000/players/503768/transfers,2026-04-27T17:12:36.270119+00:00,medium,
2753423,503768,Tyreece John-Jules,2019/20,,2020-05-31,9249,Arsenal U23,1198,Lincoln City,,,,,,transfermarkt_api,http://localhost:8000/players/503768/transfers,2026-04-27T17:12:36.270119+00:00,medium,
2753422,503768,Tyreece John-Jules,2019/20,,2020-10-01,1198,Lincoln City,9249,Arsenal U23,,,,,,transfermarkt_api,http://localhost:8000/players/503768/transfers,2026-04-27T17:12:36.270119+00:00,medium,
2465502,503768,Tyreece John-Jules,2018/19,,2018-01-07,9249,Arsenal U23,5679,Arsenal U18,,,,,,transfermarkt_api,http://localhost:8000/players/503768/transfers,2026-04-27T17:12:36.270119+00:00,medium,
1817409,503768,Tyreece John-Jules,2017/18,,2017-01-07,5679,Arsenal U18,50683,Arsenal Youth,,,,,,transfermarkt_api,http://localhost:8000/players/503768/transfers,2026-04-27T17:12:36.270119+00:00,medium,
5069643,503769,Arthur Okonkwo,2024/25,,2024-01-07,1112,Wrexham,11,Arsenal,,,,,,transfermarkt_api,http://localhost:8000/players/503769/transfers,2026-04-27T17:11:43.925442+00:00,medium,
4624027,503769,Arthur Okonkwo,2023/24,,2024-05-31,11,Arsenal,1112,Wrexham,,,,,,transfermarkt_api,http://localhost:8000/players/503769/transfers,2026-04-27T17:11:43.925442+00:00,medium,
4624026,503769,Arthur Okonkwo,2023/24,,2023-01-09,1112,Wrexham,11,Arsenal,,,,,,transfermarkt_api,http://localhost:8000/players/503769/transfers,2026-04-27T17:11:43.925442+00:00,medium,
4225272,503769,Arthur Okonkwo,2022/23,,2023-06-30,11,Arsenal,122,Sturm Graz,,,,,,transfermarkt_api,http://localhost:8000/players/503769/transfers,2026-04-27T17:11:43.925442+00:00,medium,
4225271,503769,Arthur Okonkwo,2022/23,,2023-01-16,122,Sturm Graz,11,Arsenal,,,,,,transfermarkt_api,http://localhost:8000/players/503769/transfers,2026-04-27T17:11:43.925442+00:00,medium,
3978639,503769,Arthur Okonkwo,2022/23,,2023-01-15,11,Arsenal,1042,Crewe Alexandra,,,,,,transfermarkt_api,http://localhost:8000/players/503769/transfers,2026-04-27T17:11:43.925442+00:00,medium,
3978638,503769,Arthur Okonkwo,2022/23,,2022-07-29,1042,Crewe Alexandra,11,Arsenal,,,,,,transfermarkt_api,http://localhost:8000/players/503769/transfers,2026-04-27T17:11:43.925442+00:00,medium,
4553678,503769,Arthur Okonkwo,2021/22,,2021-01-07,11,Arsenal,9249,Arsenal U23,,,,,,transfermarkt_api,http://localhost:8000/players/503769/transfers,2026-04-27T17:11:43.925442+00:00,medium,
2998772,503769,Arthur Okonkwo,2020/21,,2020-01-07,9249,Arsenal U23,5679,Arsenal U18,,,,,,transfermarkt_api,http://localhost:8000/players/503769/transfers,2026-04-27T17:11:43.925442+00:00,medium,
2246912,503769,Arthur Okonkwo,2018/19,,2018-01-07,5679,Arsenal U18,50683,Arsenal Youth,,,,,,transfermarkt_api,http://localhost:8000/players/503769/transfers,2026-04-27T17:11:43.925442+00:00,medium,
4617460,503770,Folarin Balogun,2023/24,,2023-08-30,162,Monaco,11,Arsenal,30000000.0,,,,,transfermarkt_api,http://localhost:8000/players/503770/transfers,2026-04-27T17:12:34.877028+00:00,medium,
3989527,503770,Folarin Balogun,2022/23,,2023-06-30,11,Arsenal,1421,Stade Reims,,,,,,transfermarkt_api,http://localhost:8000/players/503770/transfers,2026-04-27T17:12:34.877028+00:00,medium,
3989525,503770,Folarin Balogun,2022/23,,2022-03-08,1421,Stade Reims,11,Arsenal,,,,,,transfermarkt_api,http://localhost:8000/players/503770/transfers,2026-04-27T17:12:34.877028+00:00,medium,
4239220,503770,Folarin Balogun,2022/23,,2022-01-07,11,Arsenal,9249,Arsenal U21,,,,,,transfermarkt_api,http://localhost:8000/players/503770/transfers,2026-04-27T17:12:34.877028+00:00,medium,
3692053,503770,Folarin Balogun,2021/22,,2022-05-31,9249,Arsenal U23,641,Middlesbrough,,,,,,transfermarkt_api,http://localhost:8000/players/503770/transfers,2026-04-27T17:12:34.877028+00:00,medium,
3692050,503770,Folarin Balogun,2021/22,,2022-12-01,641,Middlesbrough,9249,Arsenal U23,,,,,,transfermarkt_api,http://localhost:8000/players/503770/transfers,2026-04-27T17:12:34.877028+00:00,medium,
2605711,503770,Folarin Balogun,2019/20,,2019-01-07,9249,Arsenal U23,5679,Arsenal U18,,,,,,transfermarkt_api,http://localhost:8000/players/503770/transfers,2026-04-27T17:12:34.877028+00:00,medium,
1817407,503770,Folarin Balogun,2017/18,,2017-01-07,5679,Arsenal U18,50683,Arsenal Youth,,,,,,transfermarkt_api,http://localhost:8000/players/503770/transfers,2026-04-27T17:12:34.877028+00:00,medium,
6028728,506965,James Olayinka,2025/26,,2026-01-01,920,Derry City,7609,Waterford FC,,,,,,transfermarkt_api,http://localhost:8000/players/506965/transfers,2026-04-27T17:12:16.963977+00:00,medium,
5354712,506965,James Olayinka,2024/25,,2025-01-01,7609,Waterford FC,515,Without Club,,,,,,transfermarkt_api,http://localhost:8000/players/506965/transfers,2026-04-27T17:12:16.963977+00:00,medium,
4999062,506965,James Olayinka,2024/25,,2024-01-07,515,Without Club,3371,Cheltenham,,,,,,transfermarkt_api,http://localhost:8000/players/506965/transfers,2026-04-27T17:12:16.963977+00:00,medium,
4051519,506965,James Olayinka,2022/23,,2022-01-09,3371,Cheltenham,9249,Arsenal U21,,,,,,transfermarkt_api,http://localhost:8000/players/506965/transfers,2026-04-27T17:12:16.963977+00:00,medium,
3106861,506965,James Olayinka,2020/21,,2021-05-31,9249,Arsenal U23,2793,Southend United,,,,,,transfermarkt_api,http://localhost:8000/players/506965/transfers,2026-04-27T17:12:16.963977+00:00,medium,
3106860,506965,James Olayinka,2020/21,,2020-10-16,2793,Southend United,9249,Arsenal U23,,,,,,transfermarkt_api,http://localhost:8000/players/506965/transfers,2026-04-27T17:12:16.963977+00:00,medium,
2776548,506965,James Olayinka,2019/20,,2020-06-30,9249,Arsenal U23,1302,Northampton,,,,,,transfermarkt_api,http://localhost:8000/players/506965/transfers,2026-04-27T17:12:16.963977+00:00,medium,
2776547,506965,James Olayinka,2019/20,,2020-01-27,1302,Northampton,9249,Arsenal U23,,,,,,transfermarkt_api,http://localhost:8000/players/506965/transfers,2026-04-27T17:12:16.963977+00:00,medium,
2501878,506965,James Olayinka,2018/19,,2018-01-07,9249,Arsenal U23,5679,Arsenal U18,,,,,,transfermarkt_api,http://localhost:8000/players/506965/transfers,2026-04-27T17:12:16.963977+00:00,medium,
1881873,506965,James Olayinka,2017/18,,2017-01-07,5679,Arsenal U18,50683,Arsenal Youth,,,,,,transfermarkt_api,http://localhost:8000/players/506965/transfers,2026-04-27T17:12:16.963977+00:00,medium,
5922503,52769,Willian,2025/26,,2025-05-09,210,Grêmio,515,Without Club,,,,,,transfermarkt_api,http://localhost:8000/players/52769/transfers,2026-04-27T17:12:24.067734+00:00,medium,
5688891,52769,Willian,2025/26,,2025-01-07,515,Without Club,931,Fulham,,,,,,transfermarkt_api,http://localhost:8000/players/52769/transfers,2026-04-27T17:12:24.067734+00:00,medium,
5506570,52769,Willian,2024/25,,2025-06-02,931,Fulham,515,Without Club,,,,,,transfermarkt_api,http://localhost:8000/players/52769/transfers,2026-04-27T17:12:24.067734+00:00,medium,
5417603,52769,Willian,2024/25,,2025-01-01,515,Without Club,683,Olympiacos,,,,,,transfermarkt_api,http://localhost:8000/players/52769/transfers,2026-04-27T17:12:24.067734+00:00,medium,
5191477,52769,Willian,2024/25,,2024-02-09,683,Olympiacos,931,Fulham,,,,,,transfermarkt_api,http://localhost:8000/players/52769/transfers,2026-04-27T17:12:24.067734+00:00,medium,
4051360,52769,Willian,2022/23,,2022-01-09,931,Fulham,199,Corinthians,,,,,,transfermarkt_api,http://localhost:8000/players/52769/transfers,2026-04-27T17:12:24.067734+00:00,medium,
3527206,52769,Willian,2021/22,,2021-08-30,199,Corinthians,11,Arsenal,,,,,,transfermarkt_api,http://localhost:8000/players/52769/transfers,2026-04-27T17:12:24.067734+00:00,medium,
3014308,52769,Willian,2020/21,,2020-08-14,11,Arsenal,631,Chelsea,,,,,,transfermarkt_api,http://localhost:8000/players/52769/transfers,2026-04-27T17:12:24.067734+00:00,medium,
937326,52769,Willian,2013/14,,2013-08-28,631,Chelsea,2700,Anzhi,35500000.0,,,,,transfermarkt_api,http://localhost:8000/players/52769/transfers,2026-04-27T17:12:24.067734+00:00,medium,
832527,52769,Willian,2012/13,,2013-01-31,2700,Anzhi,660,Shakhtar D.,35000000.0,,,,,transfermarkt_api,http://localhost:8000/players/52769/transfers,2026-04-27T17:12:24.067734+00:00,medium,
143790,52769,Willian,2007/08,,2007-08-24,660,Shakhtar D.,199,Corinthians,14000000.0,,,,,transfermarkt_api,http://localhost:8000/players/52769/transfers,2026-04-27T17:12:24.067734+00:00,medium,
136655,52769,Willian,2005/06,,2006-01-01,199,Corinthians,14876,Corinthians U20,,,,,,transfermarkt_api,http://localhost:8000/players/52769/transfers,2026-04-27T17:12:24.067734+00:00,medium,
2841840,52769,Willian,2004/05,,2005-06-30,14876,Corinthians U20,33115,Mauaense,,,,,,transfermarkt_api,http://localhost:8000/players/52769/transfers,2026-04-27T17:12:24.067734+00:00,medium,
2841839,52769,Willian,2004/05,,2005-02-03,33115,Mauaense,14876,Corinthians U20,,,,,,transfermarkt_api,http://localhost:8000/players/52769/transfers,2026-04-27T17:12:24.067734+00:00,medium,
5892414,547533,Miguel Azeez,2025/26,,2025-08-24,3697,Morecambe FC,2671,PAS Giannina,,,,,,transfermarkt_api,http://localhost:8000/players/547533/transfers,2026-04-27T17:12:13.742421+00:00,medium,
5029343,547533,Miguel Azeez,2024/25,,2024-08-31,2671,PAS Giannina,18687,Atl. Baleares,,,,,,transfermarkt_api,http://localhost:8000/players/547533/transfers,2026-04-27T17:12:13.742421+00:00,medium,
4864280,547533,Miguel Azeez,2023/24,,2024-01-02,18687,Atl. Baleares,9249,Arsenal U21,,,,,,transfermarkt_api,http://localhost:8000/players/547533/transfers,2026-04-27T17:12:13.742421+00:00,medium,
4215818,547533,Miguel Azeez,2022/23,,2023-05-31,9249,Arsenal U21,1071,Wigan,,,,,,transfermarkt_api,http://localhost:8000/players/547533/transfers,2026-04-27T17:12:13.742421+00:00,medium,
4215817,547533,Miguel Azeez,2022/23,,2023-10-01,1071,Wigan,9249,Arsenal U21,,,,,,transfermarkt_api,http://localhost:8000/players/547533/transfers,2026-04-27T17:12:13.742421+00:00,medium,
4051987,547533,Miguel Azeez,2022/23,,2023-04-01,9249,Arsenal U21,13241,UD Ibiza,,,,,,transfermarkt_api,http://localhost:8000/players/547533/transfers,2026-04-27T17:12:13.742421+00:00,medium,
4051986,547533,Miguel Azeez,2022/23,,2022-01-09,13241,UD Ibiza,9249,Arsenal U21,,,,,,transfermarkt_api,http://localhost:8000/players/547533/transfers,2026-04-27T17:12:13.742421+00:00,medium,
3526447,547533,Miguel Azeez,2021/22,,2022-01-17,9249,Arsenal U23,1020,Portsmouth,,,,,,transfermarkt_api,http://localhost:8000/players/547533/transfers,2026-04-27T17:12:13.742421+00:00,medium,
3526446,547533,Miguel Azeez,2021/22,,2021-08-30,1020,Portsmouth,9249,Arsenal U23,,,,,,transfermarkt_api,http://localhost:8000/players/547533/transfers,2026-04-27T17:12:13.742421+00:00,medium,
3041794,547533,Miguel Azeez,2020/21,,2020-01-07,9249,Arsenal U23,5679,Arsenal U18,,,,,,transfermarkt_api,http://localhost:8000/players/547533/transfers,2026-04-27T17:12:13.742421+00:00,medium,
2542905,547533,Miguel Azeez,2019/20,,2019-01-07,5679,Arsenal U18,50683,Arsenal Youth,,,,,,transfermarkt_api,http://localhost:8000/players/547533/transfers,2026-04-27T17:12:13.742421+00:00,medium,
4519955,586736,Joel López,2023/24,,2023-07-20,8733,Celta Fortuna,4542,CyD Leonesa,,,,,,transfermarkt_api,http://localhost:8000/players/586736/transfers,2026-04-27T17:12:00.142227+00:00,medium,
3994171,586736,Joel López,2022/23,,2022-05-08,4542,CyD Leonesa,9249,Arsenal U21,,,,,,transfermarkt_api,http://localhost:8000/players/586736/transfers,2026-04-27T17:12:00.142227+00:00,medium,
2998773,586736,Joel López,2020/21,,2020-01-07,9249,Arsenal U23,5679,Arsenal U18,,,,,,transfermarkt_api,http://localhost:8000/players/586736/transfers,2026-04-27T17:12:00.142227+00:00,medium,
2195590,586736,Joel López,2018/19,,2018-07-25,5679,Arsenal U18,14321,Barça U16,,,,,,transfermarkt_api,http://localhost:8000/players/586736/transfers,2026-04-27T17:12:00.142227+00:00,medium,
3838960,586736,Joel López,2017/18,,2017-01-07,14321,Barça U16,70295,Barça Youth,,,,,,transfermarkt_api,http://localhost:8000/players/586736/transfers,2026-04-27T17:12:00.142227+00:00,medium,
5825626,58864,Pierre-Emerick Aubameyang,2025/26,,2025-07-31,244,Marseille,26069,Al-Qadsiah,,,,,,transfermarkt_api,http://localhost:8000/players/58864/transfers,2026-04-27T17:12:31.908223+00:00,medium,
5128931,58864,Pierre-Emerick Aubameyang,2024/25,,2024-07-18,26069,Al-Qadsiah,244,Marseille,9000000.0,,,,,transfermarkt_api,http://localhost:8000/players/58864/transfers,2026-04-27T17:12:31.908223+00:00,medium,
4522558,58864,Pierre-Emerick Aubameyang,2023/24,,2023-07-21,244,Marseille,631,Chelsea,,,,,,transfermarkt_api,http://localhost:8000/players/58864/transfers,2026-04-27T17:12:31.908223+00:00,medium,
4052482,58864,Pierre-Emerick Aubameyang,2022/23,,2022-01-09,631,Chelsea,131,Barcelona,12000000.0,,,,,transfermarkt_api,http://localhost:8000/players/58864/transfers,2026-04-27T17:12:31.908223+00:00,medium,
3725131,58864,Pierre-Emerick Aubameyang,2021/22,,2022-01-31,131,Barcelona,11,Arsenal,,,,,,transfermarkt_api,http://localhost:8000/players/58864/transfers,2026-04-27T17:12:31.908223+00:00,medium,
2022025,58864,Pierre-Emerick Aubameyang,2017/18,,2018-01-31,11,Arsenal,16,Dortmund,63750000.0,,,,,transfermarkt_api,http://localhost:8000/players/58864/transfers,2026-04-27T17:12:31.908223+00:00,medium,
900274,58864,Pierre-Emerick Aubameyang,2013/14,,2013-04-07,16,Dortmund,618,Saint-Étienne,13000000.0,,,,,transfermarkt_api,http://localhost:8000/players/58864/transfers,2026-04-27T17:12:31.908223+00:00,medium,
660901,58864,Pierre-Emerick Aubameyang,2011/12,,2012-01-01,618,Saint-Étienne,5,AC Milan,1800000.0,,,,,transfermarkt_api,http://localhost:8000/players/58864/transfers,2026-04-27T17:12:31.908223+00:00,medium,
534607,58864,Pierre-Emerick Aubameyang,2011/12,,2011-12-31,5,AC Milan,618,Saint-Étienne,,,,,,transfermarkt_api,http://localhost:8000/players/58864/transfers,2026-04-27T17:12:31.908223+00:00,medium,
534610,58864,Pierre-Emerick Aubameyang,2010/11,,2011-01-31,618,Saint-Étienne,5,AC Milan,,,,,,transfermarkt_api,http://localhost:8000/players/58864/transfers,2026-04-27T17:12:31.908223+00:00,medium,
444341,58864,Pierre-Emerick Aubameyang,2010/11,,2011-01-30,5,AC Milan,162,Monaco,,,,,,transfermarkt_api,http://localhost:8000/players/58864/transfers,2026-04-27T17:12:31.908223+00:00,medium,
444340,58864,Pierre-Emerick Aubameyang,2010/11,,2010-06-07,162,Monaco,5,AC Milan,,,,,,transfermarkt_api,http://localhost:8000/players/58864/transfers,2026-04-27T17:12:31.908223+00:00,medium,
295217,58864,Pierre-Emerick Aubameyang,2009/10,,2010-06-30,5,AC Milan,1082,Lille,,,,,,transfermarkt_api,http://localhost:8000/players/58864/transfers,2026-04-27T17:12:31.908223+00:00,medium,
295218,58864,Pierre-Emerick Aubameyang,2009/10,,2009-01-07,1082,Lille,5,AC Milan,,,,,,transfermarkt_api,http://localhost:8000/players/58864/transfers,2026-04-27T17:12:31.908223+00:00,medium,
202738,58864,Pierre-Emerick Aubameyang,2008/09,,2009-06-30,5,AC Milan,2969,Dijon,,,,,,transfermarkt_api,http://localhost:8000/players/58864/transfers,2026-04-27T17:12:31.908223+00:00,medium,
202739,58864,Pierre-Emerick Aubameyang,2008/09,,2008-02-07,2969,Dijon,5,AC Milan,,,,,,transfermarkt_api,http://localhost:8000/players/58864/transfers,2026-04-27T17:12:31.908223+00:00,medium,
2948507,58864,Pierre-Emerick Aubameyang,2008/09,,2008-01-07,5,AC Milan,10958,Milan U19,,,,,,transfermarkt_api,http://localhost:8000/players/58864/transfers,2026-04-27T17:12:31.908223+00:00,medium,
908481,58864,Pierre-Emerick Aubameyang,2006/07,,2007-01-01,10958,Milan U19,10858,SC Bastia U19,,,,,,transfermarkt_api,http://localhost:8000/players/58864/transfers,2026-04-27T17:12:31.908223+00:00,medium,
1776589,58864,Pierre-Emerick Aubameyang,2005/06,,2005-01-07,10858,SC Bastia U19,69158,FC Rouen U17,,,,,,transfermarkt_api,http://localhost:8000/players/58864/transfers,2026-04-27T17:12:31.908223+00:00,medium,
6060554,58864,Pierre-Emerick Aubameyang,2004/05,,2004-01-07,69158,FC Rouen U17,108355,FC Rouen Jugend,,,,,,transfermarkt_api,http://localhost:8000/players/58864/transfers,2026-04-27T17:12:31.908223+00:00,medium,
6060555,58864,Pierre-Emerick Aubameyang,2001/02,,2001-01-07,108355,FC Rouen Jugend,40636,St. Laval Yth.,,,,,,transfermarkt_api,http://localhost:8000/players/58864/transfers,2026-04-27T17:12:31.908223+00:00,medium,
2533542,655488,Gabriel Martinelli,2019/20,,2019-02-07,11,Arsenal,4773,Ituano,7100000.0,,,,,transfermarkt_api,http://localhost:8000/players/655488/transfers,2026-04-27T17:12:22.594423+00:00,medium,
2443729,655488,Gabriel Martinelli,2017/18,,2018-01-01,4773,Ituano,18027,Ituano U20,,,,,,transfermarkt_api,http://localhost:8000/players/655488/transfers,2026-04-27T17:12:22.594423+00:00,medium,
3988240,72476,Bernd Leno,2022/23,,2022-02-08,931,Fulham,11,Arsenal,3600000.0,,,,,transfermarkt_api,http://localhost:8000/players/72476/transfers,2026-04-27T17:11:33.249904+00:00,medium,
2138820,72476,Bernd Leno,2018/19,,2018-01-07,11,Arsenal,15,Leverkusen,25000000.0,,,,,transfermarkt_api,http://localhost:8000/players/72476/transfers,2026-04-27T17:11:33.249904+00:00,medium,
655496,72476,Bernd Leno,2011/12,,2012-01-01,15,Leverkusen,79,Stuttgart,7800000.0,,,,,transfermarkt_api,http://localhost:8000/players/72476/transfers,2026-04-27T17:11:33.249904+00:00,medium,
620070,72476,Bernd Leno,2011/12,,2011-12-31,79,Stuttgart,15,Leverkusen,,,,,,transfermarkt_api,http://localhost:8000/players/72476/transfers,2026-04-27T17:11:33.249904+00:00,medium,
620069,72476,Bernd Leno,2011/12,,2011-10-08,15,Leverkusen,79,Stuttgart,500000.0,,,,,transfermarkt_api,http://localhost:8000/players/72476/transfers,2026-04-27T17:11:33.249904+00:00,medium,
572655,72476,Bernd Leno,2011/12,,2011-01-07,79,Stuttgart,102,Stuttgart II,,,,,,transfermarkt_api,http://localhost:8000/players/72476/transfers,2026-04-27T17:11:33.249904+00:00,medium,
454953,72476,Bernd Leno,2010/11,,2010-01-07,102,Stuttgart II,2517,Stuttgart U19,,,,,,transfermarkt_api,http://localhost:8000/players/72476/transfers,2026-04-27T17:11:33.249904+00:00,medium,
333420,72476,Bernd Leno,2009/10,,2009-01-07,2517,Stuttgart U19,21084,Stuttgart U17,,,,,,transfermarkt_api,http://localhost:8000/players/72476/transfers,2026-04-27T17:11:33.249904+00:00,medium,
246416,72476,Bernd Leno,2007/08,,2007-01-07,21084,Stuttgart U17,19210,Stuttgart Yth.,,,,,,transfermarkt_api,http://localhost:8000/players/72476/transfers,2026-04-27T17:11:33.249904+00:00,medium,
1576217,72476,Bernd Leno,2003/04,,2003-01-07,19210,Stuttgart Yth.,53591,Bietigheim Yth.,,,,,,transfermarkt_api,http://localhost:8000/players/72476/transfers,2026-04-27T17:11:33.249904+00:00,medium,
5073999,88590,Shkodran Mustafi,2023/24,,2024-06-25,123,Retired,515,Without Club,,,,,,transfermarkt_api,http://localhost:8000/players/88590/transfers,2026-04-27T17:11:57.209042+00:00,medium,
4469155,88590,Shkodran Mustafi,2023/24,,2023-01-07,515,Without Club,3368,Levante,,,,,,transfermarkt_api,http://localhost:8000/players/88590/transfers,2026-04-27T17:11:57.209042+00:00,medium,
3371690,88590,Shkodran Mustafi,2021/22,,2021-02-09,3368,Levante,515,Without Club,,,,,,transfermarkt_api,http://localhost:8000/players/88590/transfers,2026-04-27T17:11:57.209042+00:00,medium,
3556033,88590,Shkodran Mustafi,2021/22,,2021-01-07,515,Without Club,33,FC Schalke 04,,,,,,transfermarkt_api,http://localhost:8000/players/88590/transfers,2026-04-27T17:11:57.209042+00:00,medium,
3233701,88590,Shkodran Mustafi,2020/21,,2021-01-02,33,FC Schalke 04,11,Arsenal,,,,,,transfermarkt_api,http://localhost:8000/players/88590/transfers,2026-04-27T17:11:57.209042+00:00,medium,
1583255,88590,Shkodran Mustafi,2016/17,,2016-08-30,11,Arsenal,1049,Valencia,41000000.0,,,,,transfermarkt_api,http://localhost:8000/players/88590/transfers,2026-04-27T17:11:57.209042+00:00,medium,
1104908,88590,Shkodran Mustafi,2014/15,,2014-06-08,1049,Valencia,1038,Sampdoria,8000000.0,,,,,transfermarkt_api,http://localhost:8000/players/88590/transfers,2026-04-27T17:11:57.209042+00:00,medium,
665330,88590,Shkodran Mustafi,2011/12,,2012-03-01,1038,Sampdoria,9261,Everton Res.,75000.0,,,,,transfermarkt_api,http://localhost:8000/players/88590/transfers,2026-04-27T17:11:57.209042+00:00,medium,
288054,88590,Shkodran Mustafi,2009/10,,2009-01-07,9261,Everton Res.,21063,Hamburg U17,,,,,,transfermarkt_api,http://localhost:8000/players/88590/transfers,2026-04-27T17:11:57.209042+00:00,medium,
765362,88590,Shkodran Mustafi,2007/08,,2007-01-07,21063,Hamburg U17,12786,HSV Yth.,,,,,,transfermarkt_api,http://localhost:8000/players/88590/transfers,2026-04-27T17:11:57.209042+00:00,medium,
5742535,93720,Alexandre Lacazette,2025/26,,2025-03-07,34911,NEOM SC,1041,Lyon,,,,,,transfermarkt_api,http://localhost:8000/players/93720/transfers,2026-04-27T17:12:30.217257+00:00,medium,
3877866,93720,Alexandre Lacazette,2022/23,,2022-01-07,1041,Lyon,11,Arsenal,,,,,,transfermarkt_api,http://localhost:8000/players/93720/transfers,2026-04-27T17:12:30.217257+00:00,medium,
1823210,93720,Alexandre Lacazette,2017/18,,2017-05-07,11,Arsenal,1041,Lyon,53000000.0,,,,,transfermarkt_api,http://localhost:8000/players/93720/transfers,2026-04-27T17:12:30.217257+00:00,medium,
412190,93720,Alexandre Lacazette,2009/10,,2009-01-07,1041,Lyon,12764,Olymp. Lyon B,,,,,,transfermarkt_api,http://localhost:8000/players/93720/transfers,2026-04-27T17:12:30.217257+00:00,medium,
341915,93720,Alexandre Lacazette,2008/09,,2008-01-07,12764,Olymp. Lyon B,7813,Olymp. Lyon U19,,,,,,transfermarkt_api,http://localhost:8000/players/93720/transfers,2026-04-27T17:12:30.217257+00:00,medium,
4483393,94005,Sead Kolasinac,2023/24,,2023-06-07,800,Atalanta,244,Marseille,,,,,,transfermarkt_api,http://localhost:8000/players/94005/transfers,2026-04-27T17:11:54.172721+00:00,medium,
3701526,94005,Sead Kolasinac,2021/22,,2022-01-18,244,Marseille,11,Arsenal,,,,,,transfermarkt_api,http://localhost:8000/players/94005/transfers,2026-04-27T17:11:54.172721+00:00,medium,
3186489,94005,Sead Kolasinac,2020/21,,2021-06-30,11,Arsenal,33,FC Schalke 04,,,,,,transfermarkt_api,http://localhost:8000/players/94005/transfers,2026-04-27T17:11:54.172721+00:00,medium,
3186488,94005,Sead Kolasinac,2020/21,,2021-04-01,33,FC Schalke 04,11,Arsenal,,,,,,transfermarkt_api,http://localhost:8000/players/94005/transfers,2026-04-27T17:11:54.172721+00:00,medium,
1784133,94005,Sead Kolasinac,2017/18,,2017-01-07,11,Arsenal,33,FC Schalke 04,,,,,,transfermarkt_api,http://localhost:8000/players/94005/transfers,2026-04-27T17:11:54.172721+00:00,medium,
564341,94005,Sead Kolasinac,2012/13,,2012-01-07,33,FC Schalke 04,1463,Schalke 04 U19,,,,,,transfermarkt_api,http://localhost:8000/players/94005/transfers,2026-04-27T17:11:54.172721+00:00,medium,
538769,94005,Sead Kolasinac,2010/11,,2011-01-01,1463,Schalke 04 U19,2517,Stuttgart U19,,,,,,transfermarkt_api,http://localhost:8000/players/94005/transfers,2026-04-27T17:11:54.172721+00:00,medium,
470610,94005,Sead Kolasinac,2010/11,,2010-01-07,2517,Stuttgart U19,21082,Hoffenheim U17,,,,,,transfermarkt_api,http://localhost:8000/players/94005/transfers,2026-04-27T17:11:54.172721+00:00,medium,
319233,94005,Sead Kolasinac,2009/10,,2009-01-07,21082,Hoffenheim U17,21068,Karlsruhe U17,,,,,,transfermarkt_api,http://localhost:8000/players/94005/transfers,2026-04-27T17:11:54.172721+00:00,medium,
709222,94005,Sead Kolasinac,2008/09,,2008-01-07,21068,Karlsruhe U17,18065,Karlsruhe Yth.,,,,,,transfermarkt_api,http://localhost:8000/players/94005/transfers,2026-04-27T17:11:54.172721+00:00,medium,
2382591,94005,Sead Kolasinac,2001/02,,2001-01-07,18065,Karlsruhe Yth.,72009,Karlsruhe Yth.,,,,,,transfermarkt_api,http://localhost:8000/players/94005/transfers,2026-04-27T17:11:54.172721+00:00,medium,
