season,season_start_year,season_end_year,gbp_to_eur_rate,eur_to_usd_rate,gbp_to_usd_rate,inflation_adjustment_to_2025_26,fx_source,inflation_source,notes
1990/91,1990,1991,,,,,,,
1991/92,1991,1992,,,,,,,
1992/93,1992,1993,,,,,,,
1993/94,1993,1994,,,,,,,
1994/95,1994,1995,,,,,,,
1995/96,1995,1996,,,,,,,
1996/97,1996,1997,,,,,,,
1997/98,1997,1998,1.469000,1.121715,1.647800,1.985987,"ONS average sterling exchange rates: THAP (GBP/EUR) and AUSS (GBP/USD), UK trade time series (MRET), accessed 2026-08-11","ONS CPI INDEX 00: ALL ITEMS 2015=100 (D7BT), accessed 2026-08-11",Season factors use the mean of the two surrounding ONS annual averages for calendar years 1997 and 1998.
1998/99,1998,1999,1.503950,1.088932,1.637700,1.958269,"ONS average sterling exchange rates: THAP (GBP/EUR) and AUSS (GBP/USD), UK trade time series (MRET), accessed 2026-08-11","ONS CPI INDEX 00: ALL ITEMS 2015=100 (D7BT), accessed 2026-08-11",Season factors use the mean of the two surrounding ONS annual averages for calendar years 1998 and 1999.
1999/00,1999,2000,1.580700,0.991048,1.566550,1.937983,"ONS average sterling exchange rates: THAP (GBP/EUR) and AUSS (GBP/USD), UK trade time series (MRET), accessed 2026-08-11","ONS CPI INDEX 00: ALL ITEMS 2015=100 (D7BT), accessed 2026-08-11",Season factors use the mean of the two surrounding ONS annual averages for calendar years 1999 and 2000.
2000/01,2000,2001,1.625450,0.909010,1.477550,1.918113,"ONS average sterling exchange rates: THAP (GBP/EUR) and AUSS (GBP/USD), UK trade time series (MRET), accessed 2026-08-11","ONS CPI INDEX 00: ALL ITEMS 2015=100 (D7BT), accessed 2026-08-11",Season factors use the mean of the two surrounding ONS annual averages for calendar years 2000 and 2001.
2001/02,2001,2002,1.599800,0.919959,1.471750,1.894801,"ONS average sterling exchange rates: THAP (GBP/EUR) and AUSS (GBP/USD), UK trade time series (MRET), accessed 2026-08-11","ONS CPI INDEX 00: ALL ITEMS 2015=100 (D7BT), accessed 2026-08-11",Season factors use the mean of the two surrounding ONS annual averages for calendar years 2001 and 2002.
2002/03,2002,2003,1.518250,1.033690,1.569400,1.870800,"ONS average sterling exchange rates: THAP (GBP/EUR) and AUSS (GBP/USD), UK trade time series (MRET), accessed 2026-08-11","ONS CPI INDEX 00: ALL ITEMS 2015=100 (D7BT), accessed 2026-08-11",Season factors use the mean of the two surrounding ONS annual averages for calendar years 2002 and 2003.
2003/04,2003,2004,1.459750,1.187738,1.733800,1.846184,"ONS average sterling exchange rates: THAP (GBP/EUR) and AUSS (GBP/USD), UK trade time series (MRET), accessed 2026-08-11","ONS CPI INDEX 00: ALL ITEMS 2015=100 (D7BT), accessed 2026-08-11",Season factors use the mean of the two surrounding ONS annual averages for calendar years 2003 and 2004.
2004/05,2004,2005,1.468400,1.243258,1.825600,1.815136,"ONS average sterling exchange rates: THAP (GBP/EUR) and AUSS (GBP/USD), UK trade time series (MRET), accessed 2026-08-11","ONS CPI INDEX 00: ALL ITEMS 2015=100 (D7BT), accessed 2026-08-11",Season factors use the mean of the two surrounding ONS annual averages for calendar years 2004 and 2005.
2005/06,2005,2006,1.464950,1.249838,1.830950,1.776076,"ONS average sterling exchange rates: THAP (GBP/EUR) and AUSS (GBP/USD), UK trade time series (MRET), accessed 2026-08-11","ONS CPI INDEX 00: ALL ITEMS 2015=100 (D7BT), accessed 2026-08-11",Season factors use the mean of the two surrounding ONS annual averages for calendar years 2005 and 2006.
2006/07,2006,2007,1.464450,1.312848,1.922600,1.735436,"ONS average sterling exchange rates: THAP (GBP/EUR) and AUSS (GBP/USD), UK trade time series (MRET), accessed 2026-08-11","ONS CPI INDEX 00: ALL ITEMS 2015=100 (D7BT), accessed 2026-08-11",Season factors use the mean of the two surrounding ONS annual averages for calendar years 2006 and 2007.
2007/08,2007,2008,1.360350,1.416915,1.927500,1.685405,"ONS average sterling exchange rates: THAP (GBP/EUR) and AUSS (GBP/USD), UK trade time series (MRET), accessed 2026-08-11","ONS CPI INDEX 00: ALL ITEMS 2015=100 (D7BT), accessed 2026-08-11",Season factors use the mean of the two surrounding ONS annual averages for calendar years 2007 and 2008.
2008/09,2008,2009,1.191050,1.435414,1.709650,1.638179,"ONS average sterling exchange rates: THAP (GBP/EUR) and AUSS (GBP/USD), UK trade time series (MRET), accessed 2026-08-11","ONS CPI INDEX 00: ALL ITEMS 2015=100 (D7BT), accessed 2026-08-11",Season factors use the mean of the two surrounding ONS annual averages for calendar years 2008 and 2009.
2009/10,2009,2010,1.144850,1.359348,1.556250,1.594432,"ONS average sterling exchange rates: THAP (GBP/EUR) and AUSS (GBP/USD), UK trade time series (MRET), accessed 2026-08-11","ONS CPI INDEX 00: ALL ITEMS 2015=100 (D7BT), accessed 2026-08-11",Season factors use the mean of the two surrounding ONS annual averages for calendar years 2009 and 2010.
2010/11,2010,2011,1.159550,1.357854,1.574500,1.535120,"ONS average sterling exchange rates: THAP (GBP/EUR) and AUSS (GBP/USD), UK trade time series (MRET), accessed 2026-08-11","ONS CPI INDEX 00: ALL ITEMS 2015=100 (D7BT), accessed 2026-08-11",Season factors use the mean of the two surrounding ONS annual averages for calendar years 2010 and 2011.
2011/12,2011,2012,1.193200,1.335945,1.594050,1.480844,"ONS average sterling exchange rates: THAP (GBP/EUR) and AUSS (GBP/USD), UK trade time series (MRET), accessed 2026-08-11","ONS CPI INDEX 00: ALL ITEMS 2015=100 (D7BT), accessed 2026-08-11",Season factors use the mean of the two surrounding ONS annual averages for calendar years 2011 and 2012.
2012/13,2012,2013,1.205650,1.306142,1.574750,1.442035,"ONS average sterling exchange rates: THAP (GBP/EUR) and AUSS (GBP/USD), UK trade time series (MRET), accessed 2026-08-11","ONS CPI INDEX 00: ALL ITEMS 2015=100 (D7BT), accessed 2026-08-11",Season factors use the mean of the two surrounding ONS annual averages for calendar years 2012 and 2013.
2013/14,2013,2014,1.209350,1.328027,1.606050,1.413703,"ONS average sterling exchange rates: THAP (GBP/EUR) and AUSS (GBP/USD), UK trade time series (MRET), accessed 2026-08-11","ONS CPI INDEX 00: ALL ITEMS 2015=100 (D7BT), accessed 2026-08-11",Season factors use the mean of the two surrounding ONS annual averages for calendar years 2013 and 2014.
2014/15,2014,2015,1.309650,1.212652,1.588150,1.403100,"ONS average sterling exchange rates: THAP (GBP/EUR) and AUSS (GBP/USD), UK trade time series (MRET), accessed 2026-08-11","ONS CPI INDEX 00: ALL ITEMS 2015=100 (D7BT), accessed 2026-08-11",Season factors use the mean of the two surrounding ONS annual averages for calendar years 2014 and 2015.
2015/16,2015,2016,1.300750,1.108130,1.441400,1.398206,"ONS average sterling exchange rates: THAP (GBP/EUR) and AUSS (GBP/USD), UK trade time series (MRET), accessed 2026-08-11","ONS CPI INDEX 00: ALL ITEMS 2015=100 (D7BT), accessed 2026-08-11",Season factors use the mean of the two surrounding ONS annual averages for calendar years 2015 and 2016.
2016/17,2016,2017,1.182300,1.117737,1.321500,1.374914,"ONS average sterling exchange rates: THAP (GBP/EUR) and AUSS (GBP/USD), UK trade time series (MRET), accessed 2026-08-11","ONS CPI INDEX 00: ALL ITEMS 2015=100 (D7BT), accessed 2026-08-11",Season factors use the mean of the two surrounding ONS annual averages for calendar years 2016 and 2017.
2017/18,2017,2018,1.135900,1.154943,1.311900,1.340755,"ONS average sterling exchange rates: THAP (GBP/EUR) and AUSS (GBP/USD), UK trade time series (MRET), accessed 2026-08-11","ONS CPI INDEX 00: ALL ITEMS 2015=100 (D7BT), accessed 2026-08-11",Season factors use the mean of the two surrounding ONS annual averages for calendar years 2017 and 2018.
2018/19,2018,2019,1.135500,1.149978,1.305800,1.313149,"ONS average sterling exchange rates: THAP (GBP/EUR) and AUSS (GBP/USD), UK trade time series (MRET), accessed 2026-08-11","ONS CPI INDEX 00: ALL ITEMS 2015=100 (D7BT), accessed 2026-08-11",Season factors use the mean of the two surrounding ONS annual averages for calendar years 2018 and 2019.
2019/20,2019,2020,1.132750,1.130126,1.280150,1.296166,"ONS average sterling exchange rates: THAP (GBP/EUR) and AUSS (GBP/USD), UK trade time series (MRET), accessed 2026-08-11","ONS CPI INDEX 00: ALL ITEMS 2015=100 (D7BT), accessed 2026-08-11",Season factors use the mean of the two surrounding ONS annual averages for calendar years 2019 and 2020.
2020/21,2020,2021,1.144150,1.162173,1.329700,1.273808,"ONS average sterling exchange rates: THAP (GBP/EUR) and AUSS (GBP/USD), UK trade time series (MRET), accessed 2026-08-11","ONS CPI INDEX 00: ALL ITEMS 2015=100 (D7BT), accessed 2026-08-11",Season factors use the mean of the two surrounding ONS annual averages for calendar years 2020 and 2021.
2021/22,2021,2022,1.168250,1.117869,1.305950,1.202829,"ONS average sterling exchange rates: THAP (GBP/EUR) and AUSS (GBP/USD), UK trade time series (MRET), accessed 2026-08-11","ONS CPI INDEX 00: ALL ITEMS 2015=100 (D7BT), accessed 2026-08-11",Season factors use the mean of the two surrounding ONS annual averages for calendar years 2021 and 2022.
2022/23,2022,2023,1.161600,1.067321,1.239800,1.112688,"ONS average sterling exchange rates: THAP (GBP/EUR) and AUSS (GBP/USD), UK trade time series (MRET), accessed 2026-08-11","ONS CPI INDEX 00: ALL ITEMS 2015=100 (D7BT), accessed 2026-08-11",Season factors use the mean of the two surrounding ONS annual averages for calendar years 2022 and 2023.
2023/24,2023,2024,1.165750,1.081578,1.260850,1.061346,"ONS average sterling exchange rates: THAP (GBP/EUR) and AUSS (GBP/USD), UK trade time series (MRET), accessed 2026-08-11","ONS CPI INDEX 00: ALL ITEMS 2015=100 (D7BT), accessed 2026-08-11",Season factors use the mean of the two surrounding ONS annual averages for calendar years 2023 and 2024.
2024/25,2024,2025,1.174400,1.105586,1.298400,1.030555,"ONS average sterling exchange rates: THAP (GBP/EUR) and AUSS (GBP/USD), UK trade time series (MRET), accessed 2026-08-11","ONS CPI INDEX 00: ALL ITEMS 2015=100 (D7BT), accessed 2026-08-11",Season factors use the mean of the two surrounding ONS annual averages for calendar years 2024 and 2025.
2025/26,2025,2026,1.149310,1.168023,1.342420,1.000000,"ONS average sterling exchange rates: THAP (GBP/EUR) and AUSS (GBP/USD), UK trade time series (MRET), accessed 2026-08-11","ONS CPI INDEX 00: ALL ITEMS 2015=100 (D7BT), accessed 2026-08-11",Season factors use monthly averages from August 2025 through May 2026. Inflation adjustment factor is 1.0 because 2025/26 is the base season.
